[     883ms] [ERROR] Failed to load resource: the server responded with a status of 500 (Internal Server Error) @ http://localhost:3000/:0
[    1115ms] [INFO] %cDownload the React DevTools for a better development experience: https://react.dev/link/react-devtools font-weight:bold @ http://localhost:3000/_next/static/chunks/node_modules_react-dom_0kla17-._.js:15093
[    1196ms] Error: ./src/app/globals.css:3540:8
Error: Parsing CSS source code failed
  3538 |   }
  3539 | }
> 3540 | @import url('https://fonts.googleapis.com/css2?family=Corinthia:wght@400;700&display=swap');
       |        ^
  3541 | :root {
  3542 |   --background: #000000;
  3543 |   --surface: #111111;

@import rules must precede all rules aside from @charset and @layer statements

Generated code of PostCSS transform of file content of src/app/globals.css:
./src/app/globals.css:3540:8
  3538 |   }
  3539 | }
> 3540 | @import url('https://fonts.googleapis.com/css2?family=Corinthia:wght@400;700&display=swap');
       |        ^
  3541 | :root {
  3542 |   --background: #000000;
  3543 |   --surface: #111111;

Import trace:
  Client Component Browser:
    ./src/app/globals.css [Client Component Browser]
    ./src/app/layout.tsx [Server Component]


    at <unknown> (Error: ./src/app/globals.css:3540:8)
    at <unknown> (./src/app/globals.css:3540:8)
    at Object.getCompilationErrors (file://D:\Sketch\node_modules\next\dist\server\dev\hot-reloader-turbopack.js:1417:59)
    at DevBundlerService.getCompilationError (file://D:\Sketch\node_modules\next\dist\server\lib\dev-bundler-service.js:59:55)
    at DevServer.getCompilationError (file://D:\Sketch\node_modules\next\dist\server\dev\next-dev-server.js:754:42)
    at DevServer.findPageComponents (file://D:\Sketch\node_modules\next\dist\server\dev\next-dev-server.js:724:43)
    at async DevServer.renderErrorToResponseImpl (file://D:\Sketch\node_modules\next\dist\server\base-server.js:1828:26)
[    1192ms] [LOG] [HMR] connected @ http://localhost:3000/_next/static/chunks/node_modules_next_dist_1gdrd03._.js:756
[    1200ms] [ERROR] ./src/app/globals.css:3540:8
Error: Parsing CSS source code failed
  3538 |   }
  3539 | }
> 3540 | @import url('https://fonts.googleapis.com/css2?family=Corinthia:wght@400;700&display=swap');
       |        ^
  3541 | :root {
  3542 |   --background: #000000;
  3543 |   --surface: #111111;

@import rules must precede all rules aside from @charset and @layer statements

Generated code of PostCSS transform of file content of src/app/globals.css:
./src/app/globals.css:3540:8
  3538 |   }
  3539 | }
> 3540 | @import url('https://fonts.googleapis.com/css2?family=Corinthia:wght@400;700&display=swap');
       |        ^
  3541 | :root {
  3542 |   --background: #000000;
  3543 |   --surface: #111111;

Import trace:
  Client Component Browser:
    ./src/app/globals.css [Client Component Browser]
    ./src/app/layout.tsx [Server Component] @ http://localhost:3000/_next/static/chunks/node_modules_next_dist_1gdrd03._.js:1817
[    1401ms] [ERROR] ./src/app/globals.css:3540:8
Error: Parsing CSS source code failed
  3538 |   }
  3539 | }
> 3540 | @import url('https://fonts.googleapis.com/css2?family=Corinthia:wght@400;700&display=swap');
       |        ^
  3541 | :root {
  3542 |   --background: #000000;
  3543 |   --surface: #111111;

@import rules must precede all rules aside from @charset and @layer statements

Generated code of PostCSS transform of file content of src/app/globals.css:
./src/app/globals.css:3540:8
  3538 |   }
  3539 | }
> 3540 | @import url('https://fonts.googleapis.com/css2?family=Corinthia:wght@400;700&display=swap');
       |        ^
  3541 | :root {
  3542 |   --background: #000000;
  3543 |   --surface: #111111;

Import trace:
  Client Component Browser:
    ./src/app/globals.css [Client Component Browser]
    ./src/app/layout.tsx [Server Component] @ http://localhost:3000/_next/static/chunks/node_modules_next_dist_1gdrd03._.js:1817
[    1551ms] [ERROR] ./src/app/globals.css:3540:8
Error: Parsing CSS source code failed
  3538 |   }
  3539 | }
> 3540 | @import url('https://fonts.googleapis.com/css2?family=Corinthia:wght@400;700&display=swap');
       |        ^
  3541 | :root {
  3542 |   --background: #000000;
  3543 |   --surface: #111111;

@import rules must precede all rules aside from @charset and @layer statements

Generated code of PostCSS transform of file content of src/app/globals.css:
./src/app/globals.css:3540:8
  3538 |   }
  3539 | }
> 3540 | @import url('https://fonts.googleapis.com/css2?family=Corinthia:wght@400;700&display=swap');
       |        ^
  3541 | :root {
  3542 |   --background: #000000;
  3543 |   --surface: #111111;

Import trace:
  Client Component Browser:
    ./src/app/globals.css [Client Component Browser]
    ./src/app/layout.tsx [Server Component] @ http://localhost:3000/_next/static/chunks/node_modules_next_dist_1gdrd03._.js:1817
[    1607ms] [ERROR] ./src/app/globals.css:3540:8
Error: Parsing CSS source code failed
  3538 |   }
  3539 | }
> 3540 | @import url('https://fonts.googleapis.com/css2?family=Corinthia:wght@400;700&display=swap');
       |        ^
  3541 | :root {
  3542 |   --background: #000000;
  3543 |   --surface: #111111;

@import rules must precede all rules aside from @charset and @layer statements

Generated code of PostCSS transform of file content of src/app/globals.css:
./src/app/globals.css:3540:8
  3538 |   }
  3539 | }
> 3540 | @import url('https://fonts.googleapis.com/css2?family=Corinthia:wght@400;700&display=swap');
       |        ^
  3541 | :root {
  3542 |   --background: #000000;
  3543 |   --surface: #111111;

Import trace:
  Client Component Browser:
    ./src/app/globals.css [Client Component Browser]
    ./src/app/layout.tsx [Server Component] @ http://localhost:3000/_next/static/chunks/node_modules_next_dist_1gdrd03._.js:1817
[    1622ms] [LOG] [Fast Refresh] rebuilding @ http://localhost:3000/_next/static/chunks/node_modules_next_dist_1gdrd03._.js:756
[    1688ms] [ERROR] ./src/app/globals.css:3540:8
Error: Parsing CSS source code failed
  3538 |   }
  3539 | }
> 3540 | @import url('https://fonts.googleapis.com/css2?family=Corinthia:wght@400;700&display=swap');
       |        ^
  3541 | :root {
  3542 |   --background: #000000;
  3543 |   --surface: #111111;

@import rules must precede all rules aside from @charset and @layer statements

Generated code of PostCSS transform of file content of src/app/globals.css:
./src/app/globals.css:3540:8
  3538 |   }
  3539 | }
> 3540 | @import url('https://fonts.googleapis.com/css2?family=Corinthia:wght@400;700&display=swap');
       |        ^
  3541 | :root {
  3542 |   --background: #000000;
  3543 |   --surface: #111111;

Import trace:
  Client Component Browser:
    ./src/app/globals.css [Client Component Browser]
    ./src/app/layout.tsx [Server Component] @ http://localhost:3000/_next/static/chunks/node_modules_next_dist_1gdrd03._.js:1817
[    1749ms] [ERROR] ./src/app/globals.css:3540:8
Error: Parsing CSS source code failed
  3538 |   }
  3539 | }
> 3540 | @import url('https://fonts.googleapis.com/css2?family=Corinthia:wght@400;700&display=swap');
       |        ^
  3541 | :root {
  3542 |   --background: #000000;
  3543 |   --surface: #111111;

@import rules must precede all rules aside from @charset and @layer statements

Generated code of PostCSS transform of file content of src/app/globals.css:
./src/app/globals.css:3540:8
  3538 |   }
  3539 | }
> 3540 | @import url('https://fonts.googleapis.com/css2?family=Corinthia:wght@400;700&display=swap');
       |        ^
  3541 | :root {
  3542 |   --background: #000000;
  3543 |   --surface: #111111;

Import trace:
  Client Component Browser:
    ./src/app/globals.css [Client Component Browser]
    ./src/app/layout.tsx [Server Component] @ http://localhost:3000/_next/static/chunks/node_modules_next_dist_1gdrd03._.js:1817
[    1818ms] [ERROR] ./src/app/globals.css:3540:8
Error: Parsing CSS source code failed
  3538 |   }
  3539 | }
> 3540 | @import url('https://fonts.googleapis.com/css2?family=Corinthia:wght@400;700&display=swap');
       |        ^
  3541 | :root {
  3542 |   --background: #000000;
  3543 |   --surface: #111111;

@import rules must precede all rules aside from @charset and @layer statements

Generated code of PostCSS transform of file content of src/app/globals.css:
./src/app/globals.css:3540:8
  3538 |   }
  3539 | }
> 3540 | @import url('https://fonts.googleapis.com/css2?family=Corinthia:wght@400;700&display=swap');
       |        ^
  3541 | :root {
  3542 |   --background: #000000;
  3543 |   --surface: #111111;

Import trace:
  Client Component Browser:
    ./src/app/globals.css [Client Component Browser]
    ./src/app/layout.tsx [Server Component] @ http://localhost:3000/_next/static/chunks/node_modules_next_dist_1gdrd03._.js:1817
[    1866ms] [ERROR] ./src/app/globals.css:3540:8
Error: Parsing CSS source code failed
  3538 |   }
  3539 | }
> 3540 | @import url('https://fonts.googleapis.com/css2?family=Corinthia:wght@400;700&display=swap');
       |        ^
  3541 | :root {
  3542 |   --background: #000000;
  3543 |   --surface: #111111;

@import rules must precede all rules aside from @charset and @layer statements

Generated code of PostCSS transform of file content of src/app/globals.css:
./src/app/globals.css:3540:8
  3538 |   }
  3539 | }
> 3540 | @import url('https://fonts.googleapis.com/css2?family=Corinthia:wght@400;700&display=swap');
       |        ^
  3541 | :root {
  3542 |   --background: #000000;
  3543 |   --surface: #111111;

Import trace:
  Client Component Browser:
    ./src/app/globals.css [Client Component Browser]
    ./src/app/layout.tsx [Server Component] @ http://localhost:3000/_next/static/chunks/node_modules_next_dist_1gdrd03._.js:1817
[    1953ms] [ERROR] ./src/app/globals.css:3540:8
Error: Parsing CSS source code failed
  3538 |   }
  3539 | }
> 3540 | @import url('https://fonts.googleapis.com/css2?family=Corinthia:wght@400;700&display=swap');
       |        ^
  3541 | :root {
  3542 |   --background: #000000;
  3543 |   --surface: #111111;

@import rules must precede all rules aside from @charset and @layer statements

Generated code of PostCSS transform of file content of src/app/globals.css:
./src/app/globals.css:3540:8
  3538 |   }
  3539 | }
> 3540 | @import url('https://fonts.googleapis.com/css2?family=Corinthia:wght@400;700&display=swap');
       |        ^
  3541 | :root {
  3542 |   --background: #000000;
  3543 |   --surface: #111111;

Import trace:
  Client Component Browser:
    ./src/app/globals.css [Client Component Browser]
    ./src/app/layout.tsx [Server Component] @ http://localhost:3000/_next/static/chunks/node_modules_next_dist_1gdrd03._.js:1817
[    2033ms] [ERROR] ./src/app/globals.css:3540:8
Error: Parsing CSS source code failed
  3538 |   }
  3539 | }
> 3540 | @import url('https://fonts.googleapis.com/css2?family=Corinthia:wght@400;700&display=swap');
       |        ^
  3541 | :root {
  3542 |   --background: #000000;
  3543 |   --surface: #111111;

@import rules must precede all rules aside from @charset and @layer statements

Generated code of PostCSS transform of file content of src/app/globals.css:
./src/app/globals.css:3540:8
  3538 |   }
  3539 | }
> 3540 | @import url('https://fonts.googleapis.com/css2?family=Corinthia:wght@400;700&display=swap');
       |        ^
  3541 | :root {
  3542 |   --background: #000000;
  3543 |   --surface: #111111;

Import trace:
  Client Component Browser:
    ./src/app/globals.css [Client Component Browser]
    ./src/app/layout.tsx [Server Component] @ http://localhost:3000/_next/static/chunks/node_modules_next_dist_1gdrd03._.js:1817
[    2099ms] [ERROR] ./src/app/globals.css:3540:8
Error: Parsing CSS source code failed
  3538 |   }
  3539 | }
> 3540 | @import url('https://fonts.googleapis.com/css2?family=Corinthia:wght@400;700&display=swap');
       |        ^
  3541 | :root {
  3542 |   --background: #000000;
  3543 |   --surface: #111111;

@import rules must precede all rules aside from @charset and @layer statements

Generated code of PostCSS transform of file content of src/app/globals.css:
./src/app/globals.css:3540:8
  3538 |   }
  3539 | }
> 3540 | @import url('https://fonts.googleapis.com/css2?family=Corinthia:wght@400;700&display=swap');
       |        ^
  3541 | :root {
  3542 |   --background: #000000;
  3543 |   --surface: #111111;

Import trace:
  Client Component Browser:
    ./src/app/globals.css [Client Component Browser]
    ./src/app/layout.tsx [Server Component] @ http://localhost:3000/_next/static/chunks/node_modules_next_dist_1gdrd03._.js:1817
[    2164ms] [ERROR] ./src/app/globals.css:3540:8
Error: Parsing CSS source code failed
  3538 |   }
  3539 | }
> 3540 | @import url('https://fonts.googleapis.com/css2?family=Corinthia:wght@400;700&display=swap');
       |        ^
  3541 | :root {
  3542 |   --background: #000000;
  3543 |   --surface: #111111;

@import rules must precede all rules aside from @charset and @layer statements

Generated code of PostCSS transform of file content of src/app/globals.css:
./src/app/globals.css:3540:8
  3538 |   }
  3539 | }
> 3540 | @import url('https://fonts.googleapis.com/css2?family=Corinthia:wght@400;700&display=swap');
       |        ^
  3541 | :root {
  3542 |   --background: #000000;
  3543 |   --surface: #111111;

Import trace:
  Client Component Browser:
    ./src/app/globals.css [Client Component Browser]
    ./src/app/layout.tsx [Server Component] @ http://localhost:3000/_next/static/chunks/node_modules_next_dist_1gdrd03._.js:1817
[    2217ms] [ERROR] ./src/app/globals.css:3540:8
Error: Parsing CSS source code failed
  3538 |   }
  3539 | }
> 3540 | @import url('https://fonts.googleapis.com/css2?family=Corinthia:wght@400;700&display=swap');
       |        ^
  3541 | :root {
  3542 |   --background: #000000;
  3543 |   --surface: #111111;

@import rules must precede all rules aside from @charset and @layer statements

Generated code of PostCSS transform of file content of src/app/globals.css:
./src/app/globals.css:3540:8
  3538 |   }
  3539 | }
> 3540 | @import url('https://fonts.googleapis.com/css2?family=Corinthia:wght@400;700&display=swap');
       |        ^
  3541 | :root {
  3542 |   --background: #000000;
  3543 |   --surface: #111111;

Import trace:
  Client Component Browser:
    ./src/app/globals.css [Client Component Browser]
    ./src/app/layout.tsx [Server Component] @ http://localhost:3000/_next/static/chunks/node_modules_next_dist_1gdrd03._.js:1817
[    2274ms] [ERROR] ./src/app/globals.css:3540:8
Error: Parsing CSS source code failed
  3538 |   }
  3539 | }
> 3540 | @import url('https://fonts.googleapis.com/css2?family=Corinthia:wght@400;700&display=swap');
       |        ^
  3541 | :root {
  3542 |   --background: #000000;
  3543 |   --surface: #111111;

@import rules must precede all rules aside from @charset and @layer statements

Generated code of PostCSS transform of file content of src/app/globals.css:
./src/app/globals.css:3540:8
  3538 |   }
  3539 | }
> 3540 | @import url('https://fonts.googleapis.com/css2?family=Corinthia:wght@400;700&display=swap');
       |        ^
  3541 | :root {
  3542 |   --background: #000000;
  3543 |   --surface: #111111;

Import trace:
  Client Component Browser:
    ./src/app/globals.css [Client Component Browser]
    ./src/app/layout.tsx [Server Component] @ http://localhost:3000/_next/static/chunks/node_modules_next_dist_1gdrd03._.js:1817
[    2329ms] [ERROR] ./src/app/globals.css:3540:8
Error: Parsing CSS source code failed
  3538 |   }
  3539 | }
> 3540 | @import url('https://fonts.googleapis.com/css2?family=Corinthia:wght@400;700&display=swap');
       |        ^
  3541 | :root {
  3542 |   --background: #000000;
  3543 |   --surface: #111111;

@import rules must precede all rules aside from @charset and @layer statements

Generated code of PostCSS transform of file content of src/app/globals.css:
./src/app/globals.css:3540:8
  3538 |   }
  3539 | }
> 3540 | @import url('https://fonts.googleapis.com/css2?family=Corinthia:wght@400;700&display=swap');
       |        ^
  3541 | :root {
  3542 |   --background: #000000;
  3543 |   --surface: #111111;

Import trace:
  Client Component Browser:
    ./src/app/globals.css [Client Component Browser]
    ./src/app/layout.tsx [Server Component] @ http://localhost:3000/_next/static/chunks/node_modules_next_dist_1gdrd03._.js:1817
[    2391ms] [ERROR] ./src/app/globals.css:3540:8
Error: Parsing CSS source code failed
  3538 |   }
  3539 | }
> 3540 | @import url('https://fonts.googleapis.com/css2?family=Corinthia:wght@400;700&display=swap');
       |        ^
  3541 | :root {
  3542 |   --background: #000000;
  3543 |   --surface: #111111;

@import rules must precede all rules aside from @charset and @layer statements

Generated code of PostCSS transform of file content of src/app/globals.css:
./src/app/globals.css:3540:8
  3538 |   }
  3539 | }
> 3540 | @import url('https://fonts.googleapis.com/css2?family=Corinthia:wght@400;700&display=swap');
       |        ^
  3541 | :root {
  3542 |   --background: #000000;
  3543 |   --surface: #111111;

Import trace:
  Client Component Browser:
    ./src/app/globals.css [Client Component Browser]
    ./src/app/layout.tsx [Server Component] @ http://localhost:3000/_next/static/chunks/node_modules_next_dist_1gdrd03._.js:1817
[    2430ms] [ERROR] ./src/app/globals.css:3540:8
Error: Parsing CSS source code failed
  3538 |   }
  3539 | }
> 3540 | @import url('https://fonts.googleapis.com/css2?family=Corinthia:wght@400;700&display=swap');
       |        ^
  3541 | :root {
  3542 |   --background: #000000;
  3543 |   --surface: #111111;

@import rules must precede all rules aside from @charset and @layer statements

Generated code of PostCSS transform of file content of src/app/globals.css:
./src/app/globals.css:3540:8
  3538 |   }
  3539 | }
> 3540 | @import url('https://fonts.googleapis.com/css2?family=Corinthia:wght@400;700&display=swap');
       |        ^
  3541 | :root {
  3542 |   --background: #000000;
  3543 |   --surface: #111111;

Import trace:
  Client Component Browser:
    ./src/app/globals.css [Client Component Browser]
    ./src/app/layout.tsx [Server Component] @ http://localhost:3000/_next/static/chunks/node_modules_next_dist_1gdrd03._.js:1817
[    2484ms] [ERROR] ./src/app/globals.css:3540:8
Error: Parsing CSS source code failed
  3538 |   }
  3539 | }
> 3540 | @import url('https://fonts.googleapis.com/css2?family=Corinthia:wght@400;700&display=swap');
       |        ^
  3541 | :root {
  3542 |   --background: #000000;
  3543 |   --surface: #111111;

@import rules must precede all rules aside from @charset and @layer statements

Generated code of PostCSS transform of file content of src/app/globals.css:
./src/app/globals.css:3540:8
  3538 |   }
  3539 | }
> 3540 | @import url('https://fonts.googleapis.com/css2?family=Corinthia:wght@400;700&display=swap');
       |        ^
  3541 | :root {
  3542 |   --background: #000000;
  3543 |   --surface: #111111;

Import trace:
  Client Component Browser:
    ./src/app/globals.css [Client Component Browser]
    ./src/app/layout.tsx [Server Component] @ http://localhost:3000/_next/static/chunks/node_modules_next_dist_1gdrd03._.js:1817
[    2544ms] [ERROR] ./src/app/globals.css:3540:8
Error: Parsing CSS source code failed
  3538 |   }
  3539 | }
> 3540 | @import url('https://fonts.googleapis.com/css2?family=Corinthia:wght@400;700&display=swap');
       |        ^
  3541 | :root {
  3542 |   --background: #000000;
  3543 |   --surface: #111111;

@import rules must precede all rules aside from @charset and @layer statements

Generated code of PostCSS transform of file content of src/app/globals.css:
./src/app/globals.css:3540:8
  3538 |   }
  3539 | }
> 3540 | @import url('https://fonts.googleapis.com/css2?family=Corinthia:wght@400;700&display=swap');
       |        ^
  3541 | :root {
  3542 |   --background: #000000;
  3543 |   --surface: #111111;

Import trace:
  Client Component Browser:
    ./src/app/globals.css [Client Component Browser]
    ./src/app/layout.tsx [Server Component] @ http://localhost:3000/_next/static/chunks/node_modules_next_dist_1gdrd03._.js:1817
[    2583ms] [ERROR] ./src/app/globals.css:3540:8
Error: Parsing CSS source code failed
  3538 |   }
  3539 | }
> 3540 | @import url('https://fonts.googleapis.com/css2?family=Corinthia:wght@400;700&display=swap');
       |        ^
  3541 | :root {
  3542 |   --background: #000000;
  3543 |   --surface: #111111;

@import rules must precede all rules aside from @charset and @layer statements

Generated code of PostCSS transform of file content of src/app/globals.css:
./src/app/globals.css:3540:8
  3538 |   }
  3539 | }
> 3540 | @import url('https://fonts.googleapis.com/css2?family=Corinthia:wght@400;700&display=swap');
       |        ^
  3541 | :root {
  3542 |   --background: #000000;
  3543 |   --surface: #111111;

Import trace:
  Client Component Browser:
    ./src/app/globals.css [Client Component Browser]
    ./src/app/layout.tsx [Server Component] @ http://localhost:3000/_next/static/chunks/node_modules_next_dist_1gdrd03._.js:1817
[    2634ms] [ERROR] ./src/app/globals.css:3540:8
Error: Parsing CSS source code failed
  3538 |   }
  3539 | }
> 3540 | @import url('https://fonts.googleapis.com/css2?family=Corinthia:wght@400;700&display=swap');
       |        ^
  3541 | :root {
  3542 |   --background: #000000;
  3543 |   --surface: #111111;

@import rules must precede all rules aside from @charset and @layer statements

Generated code of PostCSS transform of file content of src/app/globals.css:
./src/app/globals.css:3540:8
  3538 |   }
  3539 | }
> 3540 | @import url('https://fonts.googleapis.com/css2?family=Corinthia:wght@400;700&display=swap');
       |        ^
  3541 | :root {
  3542 |   --background: #000000;
  3543 |   --surface: #111111;

Import trace:
  Client Component Browser:
    ./src/app/globals.css [Client Component Browser]
    ./src/app/layout.tsx [Server Component] @ http://localhost:3000/_next/static/chunks/node_modules_next_dist_1gdrd03._.js:1817
[    2693ms] [ERROR] ./src/app/globals.css:3540:8
Error: Parsing CSS source code failed
  3538 |   }
  3539 | }
> 3540 | @import url('https://fonts.googleapis.com/css2?family=Corinthia:wght@400;700&display=swap');
       |        ^
  3541 | :root {
  3542 |   --background: #000000;
  3543 |   --surface: #111111;

@import rules must precede all rules aside from @charset and @layer statements

Generated code of PostCSS transform of file content of src/app/globals.css:
./src/app/globals.css:3540:8
  3538 |   }
  3539 | }
> 3540 | @import url('https://fonts.googleapis.com/css2?family=Corinthia:wght@400;700&display=swap');
       |        ^
  3541 | :root {
  3542 |   --background: #000000;
  3543 |   --surface: #111111;

Import trace:
  Client Component Browser:
    ./src/app/globals.css [Client Component Browser]
    ./src/app/layout.tsx [Server Component] @ http://localhost:3000/_next/static/chunks/node_modules_next_dist_1gdrd03._.js:1817
[    2744ms] [ERROR] ./src/app/globals.css:3540:8
Error: Parsing CSS source code failed
  3538 |   }
  3539 | }
> 3540 | @import url('https://fonts.googleapis.com/css2?family=Corinthia:wght@400;700&display=swap');
       |        ^
  3541 | :root {
  3542 |   --background: #000000;
  3543 |   --surface: #111111;

@import rules must precede all rules aside from @charset and @layer statements

Generated code of PostCSS transform of file content of src/app/globals.css:
./src/app/globals.css:3540:8
  3538 |   }
  3539 | }
> 3540 | @import url('https://fonts.googleapis.com/css2?family=Corinthia:wght@400;700&display=swap');
       |        ^
  3541 | :root {
  3542 |   --background: #000000;
  3543 |   --surface: #111111;

Import trace:
  Client Component Browser:
    ./src/app/globals.css [Client Component Browser]
    ./src/app/layout.tsx [Server Component] @ http://localhost:3000/_next/static/chunks/node_modules_next_dist_1gdrd03._.js:1817
[    2800ms] [ERROR] ./src/app/globals.css:3540:8
Error: Parsing CSS source code failed
  3538 |   }
  3539 | }
> 3540 | @import url('https://fonts.googleapis.com/css2?family=Corinthia:wght@400;700&display=swap');
       |        ^
  3541 | :root {
  3542 |   --background: #000000;
  3543 |   --surface: #111111;

@import rules must precede all rules aside from @charset and @layer statements

Generated code of PostCSS transform of file content of src/app/globals.css:
./src/app/globals.css:3540:8
  3538 |   }
  3539 | }
> 3540 | @import url('https://fonts.googleapis.com/css2?family=Corinthia:wght@400;700&display=swap');
       |        ^
  3541 | :root {
  3542 |   --background: #000000;
  3543 |   --surface: #111111;

Import trace:
  Client Component Browser:
    ./src/app/globals.css [Client Component Browser]
    ./src/app/layout.tsx [Server Component] @ http://localhost:3000/_next/static/chunks/node_modules_next_dist_1gdrd03._.js:1817
[    2850ms] [ERROR] ./src/app/globals.css:3540:8
Error: Parsing CSS source code failed
  3538 |   }
  3539 | }
> 3540 | @import url('https://fonts.googleapis.com/css2?family=Corinthia:wght@400;700&display=swap');
       |        ^
  3541 | :root {
  3542 |   --background: #000000;
  3543 |   --surface: #111111;

@import rules must precede all rules aside from @charset and @layer statements

Generated code of PostCSS transform of file content of src/app/globals.css:
./src/app/globals.css:3540:8
  3538 |   }
  3539 | }
> 3540 | @import url('https://fonts.googleapis.com/css2?family=Corinthia:wght@400;700&display=swap');
       |        ^
  3541 | :root {
  3542 |   --background: #000000;
  3543 |   --surface: #111111;

Import trace:
  Client Component Browser:
    ./src/app/globals.css [Client Component Browser]
    ./src/app/layout.tsx [Server Component] @ http://localhost:3000/_next/static/chunks/node_modules_next_dist_1gdrd03._.js:1817
[    2917ms] [ERROR] ./src/app/globals.css:3540:8
Error: Parsing CSS source code failed
  3538 |   }
  3539 | }
> 3540 | @import url('https://fonts.googleapis.com/css2?family=Corinthia:wght@400;700&display=swap');
       |        ^
  3541 | :root {
  3542 |   --background: #000000;
  3543 |   --surface: #111111;

@import rules must precede all rules aside from @charset and @layer statements

Generated code of PostCSS transform of file content of src/app/globals.css:
./src/app/globals.css:3540:8
  3538 |   }
  3539 | }
> 3540 | @import url('https://fonts.googleapis.com/css2?family=Corinthia:wght@400;700&display=swap');
       |        ^
  3541 | :root {
  3542 |   --background: #000000;
  3543 |   --surface: #111111;

Import trace:
  Client Component Browser:
    ./src/app/globals.css [Client Component Browser]
    ./src/app/layout.tsx [Server Component] @ http://localhost:3000/_next/static/chunks/node_modules_next_dist_1gdrd03._.js:1817
[    2962ms] [ERROR] ./src/app/globals.css:3540:8
Error: Parsing CSS source code failed
  3538 |   }
  3539 | }
> 3540 | @import url('https://fonts.googleapis.com/css2?family=Corinthia:wght@400;700&display=swap');
       |        ^
  3541 | :root {
  3542 |   --background: #000000;
  3543 |   --surface: #111111;

@import rules must precede all rules aside from @charset and @layer statements

Generated code of PostCSS transform of file content of src/app/globals.css:
./src/app/globals.css:3540:8
  3538 |   }
  3539 | }
> 3540 | @import url('https://fonts.googleapis.com/css2?family=Corinthia:wght@400;700&display=swap');
       |        ^
  3541 | :root {
  3542 |   --background: #000000;
  3543 |   --surface: #111111;

Import trace:
  Client Component Browser:
    ./src/app/globals.css [Client Component Browser]
    ./src/app/layout.tsx [Server Component] @ http://localhost:3000/_next/static/chunks/node_modules_next_dist_1gdrd03._.js:1817
[    3018ms] [ERROR] ./src/app/globals.css:3540:8
Error: Parsing CSS source code failed
  3538 |   }
  3539 | }
> 3540 | @import url('https://fonts.googleapis.com/css2?family=Corinthia:wght@400;700&display=swap');
       |        ^
  3541 | :root {
  3542 |   --background: #000000;
  3543 |   --surface: #111111;

@import rules must precede all rules aside from @charset and @layer statements

Generated code of PostCSS transform of file content of src/app/globals.css:
./src/app/globals.css:3540:8
  3538 |   }
  3539 | }
> 3540 | @import url('https://fonts.googleapis.com/css2?family=Corinthia:wght@400;700&display=swap');
       |        ^
  3541 | :root {
  3542 |   --background: #000000;
  3543 |   --surface: #111111;

Import trace:
  Client Component Browser:
    ./src/app/globals.css [Client Component Browser]
    ./src/app/layout.tsx [Server Component] @ http://localhost:3000/_next/static/chunks/node_modules_next_dist_1gdrd03._.js:1817
[    3084ms] [ERROR] ./src/app/globals.css:3540:8
Error: Parsing CSS source code failed
  3538 |   }
  3539 | }
> 3540 | @import url('https://fonts.googleapis.com/css2?family=Corinthia:wght@400;700&display=swap');
       |        ^
  3541 | :root {
  3542 |   --background: #000000;
  3543 |   --surface: #111111;

@import rules must precede all rules aside from @charset and @layer statements

Generated code of PostCSS transform of file content of src/app/globals.css:
./src/app/globals.css:3540:8
  3538 |   }
  3539 | }
> 3540 | @import url('https://fonts.googleapis.com/css2?family=Corinthia:wght@400;700&display=swap');
       |        ^
  3541 | :root {
  3542 |   --background: #000000;
  3543 |   --surface: #111111;

Import trace:
  Client Component Browser:
    ./src/app/globals.css [Client Component Browser]
    ./src/app/layout.tsx [Server Component] @ http://localhost:3000/_next/static/chunks/node_modules_next_dist_1gdrd03._.js:1817
[    3145ms] [ERROR] ./src/app/globals.css:3540:8
Error: Parsing CSS source code failed
  3538 |   }
  3539 | }
> 3540 | @import url('https://fonts.googleapis.com/css2?family=Corinthia:wght@400;700&display=swap');
       |        ^
  3541 | :root {
  3542 |   --background: #000000;
  3543 |   --surface: #111111;

@import rules must precede all rules aside from @charset and @layer statements

Generated code of PostCSS transform of file content of src/app/globals.css:
./src/app/globals.css:3540:8
  3538 |   }
  3539 | }
> 3540 | @import url('https://fonts.googleapis.com/css2?family=Corinthia:wght@400;700&display=swap');
       |        ^
  3541 | :root {
  3542 |   --background: #000000;
  3543 |   --surface: #111111;

Import trace:
  Client Component Browser:
    ./src/app/globals.css [Client Component Browser]
    ./src/app/layout.tsx [Server Component] @ http://localhost:3000/_next/static/chunks/node_modules_next_dist_1gdrd03._.js:1817
[    3204ms] [ERROR] ./src/app/globals.css:3540:8
Error: Parsing CSS source code failed
  3538 |   }
  3539 | }
> 3540 | @import url('https://fonts.googleapis.com/css2?family=Corinthia:wght@400;700&display=swap');
       |        ^
  3541 | :root {
  3542 |   --background: #000000;
  3543 |   --surface: #111111;

@import rules must precede all rules aside from @charset and @layer statements

Generated code of PostCSS transform of file content of src/app/globals.css:
./src/app/globals.css:3540:8
  3538 |   }
  3539 | }
> 3540 | @import url('https://fonts.googleapis.com/css2?family=Corinthia:wght@400;700&display=swap');
       |        ^
  3541 | :root {
  3542 |   --background: #000000;
  3543 |   --surface: #111111;

Import trace:
  Client Component Browser:
    ./src/app/globals.css [Client Component Browser]
    ./src/app/layout.tsx [Server Component] @ http://localhost:3000/_next/static/chunks/node_modules_next_dist_1gdrd03._.js:1817
[    3250ms] [ERROR] ./src/app/globals.css:3540:8
Error: Parsing CSS source code failed
  3538 |   }
  3539 | }
> 3540 | @import url('https://fonts.googleapis.com/css2?family=Corinthia:wght@400;700&display=swap');
       |        ^
  3541 | :root {
  3542 |   --background: #000000;
  3543 |   --surface: #111111;

@import rules must precede all rules aside from @charset and @layer statements

Generated code of PostCSS transform of file content of src/app/globals.css:
./src/app/globals.css:3540:8
  3538 |   }
  3539 | }
> 3540 | @import url('https://fonts.googleapis.com/css2?family=Corinthia:wght@400;700&display=swap');
       |        ^
  3541 | :root {
  3542 |   --background: #000000;
  3543 |   --surface: #111111;

Import trace:
  Client Component Browser:
    ./src/app/globals.css [Client Component Browser]
    ./src/app/layout.tsx [Server Component] @ http://localhost:3000/_next/static/chunks/node_modules_next_dist_1gdrd03._.js:1817
[    3306ms] [ERROR] ./src/app/globals.css:3540:8
Error: Parsing CSS source code failed
  3538 |   }
  3539 | }
> 3540 | @import url('https://fonts.googleapis.com/css2?family=Corinthia:wght@400;700&display=swap');
       |        ^
  3541 | :root {
  3542 |   --background: #000000;
  3543 |   --surface: #111111;

@import rules must precede all rules aside from @charset and @layer statements

Generated code of PostCSS transform of file content of src/app/globals.css:
./src/app/globals.css:3540:8
  3538 |   }
  3539 | }
> 3540 | @import url('https://fonts.googleapis.com/css2?family=Corinthia:wght@400;700&display=swap');
       |        ^
  3541 | :root {
  3542 |   --background: #000000;
  3543 |   --surface: #111111;

Import trace:
  Client Component Browser:
    ./src/app/globals.css [Client Component Browser]
    ./src/app/layout.tsx [Server Component] @ http://localhost:3000/_next/static/chunks/node_modules_next_dist_1gdrd03._.js:1817
[    3357ms] [ERROR] ./src/app/globals.css:3540:8
Error: Parsing CSS source code failed
  3538 |   }
  3539 | }
> 3540 | @import url('https://fonts.googleapis.com/css2?family=Corinthia:wght@400;700&display=swap');
       |        ^
  3541 | :root {
  3542 |   --background: #000000;
  3543 |   --surface: #111111;

@import rules must precede all rules aside from @charset and @layer statements

Generated code of PostCSS transform of file content of src/app/globals.css:
./src/app/globals.css:3540:8
  3538 |   }
  3539 | }
> 3540 | @import url('https://fonts.googleapis.com/css2?family=Corinthia:wght@400;700&display=swap');
       |        ^
  3541 | :root {
  3542 |   --background: #000000;
  3543 |   --surface: #111111;

Import trace:
  Client Component Browser:
    ./src/app/globals.css [Client Component Browser]
    ./src/app/layout.tsx [Server Component] @ http://localhost:3000/_next/static/chunks/node_modules_next_dist_1gdrd03._.js:1817
[    3421ms] [ERROR] ./src/app/globals.css:3540:8
Error: Parsing CSS source code failed
  3538 |   }
  3539 | }
> 3540 | @import url('https://fonts.googleapis.com/css2?family=Corinthia:wght@400;700&display=swap');
       |        ^
  3541 | :root {
  3542 |   --background: #000000;
  3543 |   --surface: #111111;

@import rules must precede all rules aside from @charset and @layer statements

Generated code of PostCSS transform of file content of src/app/globals.css:
./src/app/globals.css:3540:8
  3538 |   }
  3539 | }
> 3540 | @import url('https://fonts.googleapis.com/css2?family=Corinthia:wght@400;700&display=swap');
       |        ^
  3541 | :root {
  3542 |   --background: #000000;
  3543 |   --surface: #111111;

Import trace:
  Client Component Browser:
    ./src/app/globals.css [Client Component Browser]
    ./src/app/layout.tsx [Server Component] @ http://localhost:3000/_next/static/chunks/node_modules_next_dist_1gdrd03._.js:1817
[    3473ms] [ERROR] ./src/app/globals.css:3540:8
Error: Parsing CSS source code failed
  3538 |   }
  3539 | }
> 3540 | @import url('https://fonts.googleapis.com/css2?family=Corinthia:wght@400;700&display=swap');
       |        ^
  3541 | :root {
  3542 |   --background: #000000;
  3543 |   --surface: #111111;

@import rules must precede all rules aside from @charset and @layer statements

Generated code of PostCSS transform of file content of src/app/globals.css:
./src/app/globals.css:3540:8
  3538 |   }
  3539 | }
> 3540 | @import url('https://fonts.googleapis.com/css2?family=Corinthia:wght@400;700&display=swap');
       |        ^
  3541 | :root {
  3542 |   --background: #000000;
  3543 |   --surface: #111111;

Import trace:
  Client Component Browser:
    ./src/app/globals.css [Client Component Browser]
    ./src/app/layout.tsx [Server Component] @ http://localhost:3000/_next/static/chunks/node_modules_next_dist_1gdrd03._.js:1817
[    3528ms] [ERROR] ./src/app/globals.css:3540:8
Error: Parsing CSS source code failed
  3538 |   }
  3539 | }
> 3540 | @import url('https://fonts.googleapis.com/css2?family=Corinthia:wght@400;700&display=swap');
       |        ^
  3541 | :root {
  3542 |   --background: #000000;
  3543 |   --surface: #111111;

@import rules must precede all rules aside from @charset and @layer statements

Generated code of PostCSS transform of file content of src/app/globals.css:
./src/app/globals.css:3540:8
  3538 |   }
  3539 | }
> 3540 | @import url('https://fonts.googleapis.com/css2?family=Corinthia:wght@400;700&display=swap');
       |        ^
  3541 | :root {
  3542 |   --background: #000000;
  3543 |   --surface: #111111;

Import trace:
  Client Component Browser:
    ./src/app/globals.css [Client Component Browser]
    ./src/app/layout.tsx [Server Component] @ http://localhost:3000/_next/static/chunks/node_modules_next_dist_1gdrd03._.js:1817
[    3577ms] [ERROR] ./src/app/globals.css:3540:8
Error: Parsing CSS source code failed
  3538 |   }
  3539 | }
> 3540 | @import url('https://fonts.googleapis.com/css2?family=Corinthia:wght@400;700&display=swap');
       |        ^
  3541 | :root {
  3542 |   --background: #000000;
  3543 |   --surface: #111111;

@import rules must precede all rules aside from @charset and @layer statements

Generated code of PostCSS transform of file content of src/app/globals.css:
./src/app/globals.css:3540:8
  3538 |   }
  3539 | }
> 3540 | @import url('https://fonts.googleapis.com/css2?family=Corinthia:wght@400;700&display=swap');
       |        ^
  3541 | :root {
  3542 |   --background: #000000;
  3543 |   --surface: #111111;

Import trace:
  Client Component Browser:
    ./src/app/globals.css [Client Component Browser]
    ./src/app/layout.tsx [Server Component] @ http://localhost:3000/_next/static/chunks/node_modules_next_dist_1gdrd03._.js:1817
[    3634ms] [ERROR] ./src/app/globals.css:3540:8
Error: Parsing CSS source code failed
  3538 |   }
  3539 | }
> 3540 | @import url('https://fonts.googleapis.com/css2?family=Corinthia:wght@400;700&display=swap');
       |        ^
  3541 | :root {
  3542 |   --background: #000000;
  3543 |   --surface: #111111;

@import rules must precede all rules aside from @charset and @layer statements

Generated code of PostCSS transform of file content of src/app/globals.css:
./src/app/globals.css:3540:8
  3538 |   }
  3539 | }
> 3540 | @import url('https://fonts.googleapis.com/css2?family=Corinthia:wght@400;700&display=swap');
       |        ^
  3541 | :root {
  3542 |   --background: #000000;
  3543 |   --surface: #111111;

Import trace:
  Client Component Browser:
    ./src/app/globals.css [Client Component Browser]
    ./src/app/layout.tsx [Server Component] @ http://localhost:3000/_next/static/chunks/node_modules_next_dist_1gdrd03._.js:1817
[    3689ms] [ERROR] ./src/app/globals.css:3540:8
Error: Parsing CSS source code failed
  3538 |   }
  3539 | }
> 3540 | @import url('https://fonts.googleapis.com/css2?family=Corinthia:wght@400;700&display=swap');
       |        ^
  3541 | :root {
  3542 |   --background: #000000;
  3543 |   --surface: #111111;

@import rules must precede all rules aside from @charset and @layer statements

Generated code of PostCSS transform of file content of src/app/globals.css:
./src/app/globals.css:3540:8
  3538 |   }
  3539 | }
> 3540 | @import url('https://fonts.googleapis.com/css2?family=Corinthia:wght@400;700&display=swap');
       |        ^
  3541 | :root {
  3542 |   --background: #000000;
  3543 |   --surface: #111111;

Import trace:
  Client Component Browser:
    ./src/app/globals.css [Client Component Browser]
    ./src/app/layout.tsx [Server Component] @ http://localhost:3000/_next/static/chunks/node_modules_next_dist_1gdrd03._.js:1817
[    3742ms] [ERROR] ./src/app/globals.css:3540:8
Error: Parsing CSS source code failed
  3538 |   }
  3539 | }
> 3540 | @import url('https://fonts.googleapis.com/css2?family=Corinthia:wght@400;700&display=swap');
       |        ^
  3541 | :root {
  3542 |   --background: #000000;
  3543 |   --surface: #111111;

@import rules must precede all rules aside from @charset and @layer statements

Generated code of PostCSS transform of file content of src/app/globals.css:
./src/app/globals.css:3540:8
  3538 |   }
  3539 | }
> 3540 | @import url('https://fonts.googleapis.com/css2?family=Corinthia:wght@400;700&display=swap');
       |        ^
  3541 | :root {
  3542 |   --background: #000000;
  3543 |   --surface: #111111;

Import trace:
  Client Component Browser:
    ./src/app/globals.css [Client Component Browser]
    ./src/app/layout.tsx [Server Component] @ http://localhost:3000/_next/static/chunks/node_modules_next_dist_1gdrd03._.js:1817
[    3793ms] [ERROR] ./src/app/globals.css:3540:8
Error: Parsing CSS source code failed
  3538 |   }
  3539 | }
> 3540 | @import url('https://fonts.googleapis.com/css2?family=Corinthia:wght@400;700&display=swap');
       |        ^
  3541 | :root {
  3542 |   --background: #000000;
  3543 |   --surface: #111111;

@import rules must precede all rules aside from @charset and @layer statements

Generated code of PostCSS transform of file content of src/app/globals.css:
./src/app/globals.css:3540:8
  3538 |   }
  3539 | }
> 3540 | @import url('https://fonts.googleapis.com/css2?family=Corinthia:wght@400;700&display=swap');
       |        ^
  3541 | :root {
  3542 |   --background: #000000;
  3543 |   --surface: #111111;

Import trace:
  Client Component Browser:
    ./src/app/globals.css [Client Component Browser]
    ./src/app/layout.tsx [Server Component] @ http://localhost:3000/_next/static/chunks/node_modules_next_dist_1gdrd03._.js:1817
[    3855ms] [ERROR] ./src/app/globals.css:3540:8
Error: Parsing CSS source code failed
  3538 |   }
  3539 | }
> 3540 | @import url('https://fonts.googleapis.com/css2?family=Corinthia:wght@400;700&display=swap');
       |        ^
  3541 | :root {
  3542 |   --background: #000000;
  3543 |   --surface: #111111;

@import rules must precede all rules aside from @charset and @layer statements

Generated code of PostCSS transform of file content of src/app/globals.css:
./src/app/globals.css:3540:8
  3538 |   }
  3539 | }
> 3540 | @import url('https://fonts.googleapis.com/css2?family=Corinthia:wght@400;700&display=swap');
       |        ^
  3541 | :root {
  3542 |   --background: #000000;
  3543 |   --surface: #111111;

Import trace:
  Client Component Browser:
    ./src/app/globals.css [Client Component Browser]
    ./src/app/layout.tsx [Server Component] @ http://localhost:3000/_next/static/chunks/node_modules_next_dist_1gdrd03._.js:1817
[    3919ms] [ERROR] ./src/app/globals.css:3540:8
Error: Parsing CSS source code failed
  3538 |   }
  3539 | }
> 3540 | @import url('https://fonts.googleapis.com/css2?family=Corinthia:wght@400;700&display=swap');
       |        ^
  3541 | :root {
  3542 |   --background: #000000;
  3543 |   --surface: #111111;

@import rules must precede all rules aside from @charset and @layer statements

Generated code of PostCSS transform of file content of src/app/globals.css:
./src/app/globals.css:3540:8
  3538 |   }
  3539 | }
> 3540 | @import url('https://fonts.googleapis.com/css2?family=Corinthia:wght@400;700&display=swap');
       |        ^
  3541 | :root {
  3542 |   --background: #000000;
  3543 |   --surface: #111111;

Import trace:
  Client Component Browser:
    ./src/app/globals.css [Client Component Browser]
    ./src/app/layout.tsx [Server Component] @ http://localhost:3000/_next/static/chunks/node_modules_next_dist_1gdrd03._.js:1817
[    3969ms] [ERROR] ./src/app/globals.css:3540:8
Error: Parsing CSS source code failed
  3538 |   }
  3539 | }
> 3540 | @import url('https://fonts.googleapis.com/css2?family=Corinthia:wght@400;700&display=swap');
       |        ^
  3541 | :root {
  3542 |   --background: #000000;
  3543 |   --surface: #111111;

@import rules must precede all rules aside from @charset and @layer statements

Generated code of PostCSS transform of file content of src/app/globals.css:
./src/app/globals.css:3540:8
  3538 |   }
  3539 | }
> 3540 | @import url('https://fonts.googleapis.com/css2?family=Corinthia:wght@400;700&display=swap');
       |        ^
  3541 | :root {
  3542 |   --background: #000000;
  3543 |   --surface: #111111;

Import trace:
  Client Component Browser:
    ./src/app/globals.css [Client Component Browser]
    ./src/app/layout.tsx [Server Component] @ http://localhost:3000/_next/static/chunks/node_modules_next_dist_1gdrd03._.js:1817
[    4022ms] [ERROR] ./src/app/globals.css:3540:8
Error: Parsing CSS source code failed
  3538 |   }
  3539 | }
> 3540 | @import url('https://fonts.googleapis.com/css2?family=Corinthia:wght@400;700&display=swap');
       |        ^
  3541 | :root {
  3542 |   --background: #000000;
  3543 |   --surface: #111111;

@import rules must precede all rules aside from @charset and @layer statements

Generated code of PostCSS transform of file content of src/app/globals.css:
./src/app/globals.css:3540:8
  3538 |   }
  3539 | }
> 3540 | @import url('https://fonts.googleapis.com/css2?family=Corinthia:wght@400;700&display=swap');
       |        ^
  3541 | :root {
  3542 |   --background: #000000;
  3543 |   --surface: #111111;

Import trace:
  Client Component Browser:
    ./src/app/globals.css [Client Component Browser]
    ./src/app/layout.tsx [Server Component] @ http://localhost:3000/_next/static/chunks/node_modules_next_dist_1gdrd03._.js:1817
[    4062ms] [ERROR] ./src/app/globals.css:3540:8
Error: Parsing CSS source code failed
  3538 |   }
  3539 | }
> 3540 | @import url('https://fonts.googleapis.com/css2?family=Corinthia:wght@400;700&display=swap');
       |        ^
  3541 | :root {
  3542 |   --background: #000000;
  3543 |   --surface: #111111;

@import rules must precede all rules aside from @charset and @layer statements

Generated code of PostCSS transform of file content of src/app/globals.css:
./src/app/globals.css:3540:8
  3538 |   }
  3539 | }
> 3540 | @import url('https://fonts.googleapis.com/css2?family=Corinthia:wght@400;700&display=swap');
       |        ^
  3541 | :root {
  3542 |   --background: #000000;
  3543 |   --surface: #111111;

Import trace:
  Client Component Browser:
    ./src/app/globals.css [Client Component Browser]
    ./src/app/layout.tsx [Server Component] @ http://localhost:3000/_next/static/chunks/node_modules_next_dist_1gdrd03._.js:1817
[    4117ms] [ERROR] ./src/app/globals.css:3540:8
Error: Parsing CSS source code failed
  3538 |   }
  3539 | }
> 3540 | @import url('https://fonts.googleapis.com/css2?family=Corinthia:wght@400;700&display=swap');
       |        ^
  3541 | :root {
  3542 |   --background: #000000;
  3543 |   --surface: #111111;

@import rules must precede all rules aside from @charset and @layer statements

Generated code of PostCSS transform of file content of src/app/globals.css:
./src/app/globals.css:3540:8
  3538 |   }
  3539 | }
> 3540 | @import url('https://fonts.googleapis.com/css2?family=Corinthia:wght@400;700&display=swap');
       |        ^
  3541 | :root {
  3542 |   --background: #000000;
  3543 |   --surface: #111111;

Import trace:
  Client Component Browser:
    ./src/app/globals.css [Client Component Browser]
    ./src/app/layout.tsx [Server Component] @ http://localhost:3000/_next/static/chunks/node_modules_next_dist_1gdrd03._.js:1817
[    4167ms] [ERROR] ./src/app/globals.css:3540:8
Error: Parsing CSS source code failed
  3538 |   }
  3539 | }
> 3540 | @import url('https://fonts.googleapis.com/css2?family=Corinthia:wght@400;700&display=swap');
       |        ^
  3541 | :root {
  3542 |   --background: #000000;
  3543 |   --surface: #111111;

@import rules must precede all rules aside from @charset and @layer statements

Generated code of PostCSS transform of file content of src/app/globals.css:
./src/app/globals.css:3540:8
  3538 |   }
  3539 | }
> 3540 | @import url('https://fonts.googleapis.com/css2?family=Corinthia:wght@400;700&display=swap');
       |        ^
  3541 | :root {
  3542 |   --background: #000000;
  3543 |   --surface: #111111;

Import trace:
  Client Component Browser:
    ./src/app/globals.css [Client Component Browser]
    ./src/app/layout.tsx [Server Component] @ http://localhost:3000/_next/static/chunks/node_modules_next_dist_1gdrd03._.js:1817
[    4220ms] [ERROR] ./src/app/globals.css:3540:8
Error: Parsing CSS source code failed
  3538 |   }
  3539 | }
> 3540 | @import url('https://fonts.googleapis.com/css2?family=Corinthia:wght@400;700&display=swap');
       |        ^
  3541 | :root {
  3542 |   --background: #000000;
  3543 |   --surface: #111111;

@import rules must precede all rules aside from @charset and @layer statements

Generated code of PostCSS transform of file content of src/app/globals.css:
./src/app/globals.css:3540:8
  3538 |   }
  3539 | }
> 3540 | @import url('https://fonts.googleapis.com/css2?family=Corinthia:wght@400;700&display=swap');
       |        ^
  3541 | :root {
  3542 |   --background: #000000;
  3543 |   --surface: #111111;

Import trace:
  Client Component Browser:
    ./src/app/globals.css [Client Component Browser]
    ./src/app/layout.tsx [Server Component] @ http://localhost:3000/_next/static/chunks/node_modules_next_dist_1gdrd03._.js:1817
[    4271ms] [ERROR] ./src/app/globals.css:3540:8
Error: Parsing CSS source code failed
  3538 |   }
  3539 | }
> 3540 | @import url('https://fonts.googleapis.com/css2?family=Corinthia:wght@400;700&display=swap');
       |        ^
  3541 | :root {
  3542 |   --background: #000000;
  3543 |   --surface: #111111;

@import rules must precede all rules aside from @charset and @layer statements

Generated code of PostCSS transform of file content of src/app/globals.css:
./src/app/globals.css:3540:8
  3538 |   }
  3539 | }
> 3540 | @import url('https://fonts.googleapis.com/css2?family=Corinthia:wght@400;700&display=swap');
       |        ^
  3541 | :root {
  3542 |   --background: #000000;
  3543 |   --surface: #111111;

Import trace:
  Client Component Browser:
    ./src/app/globals.css [Client Component Browser]
    ./src/app/layout.tsx [Server Component] @ http://localhost:3000/_next/static/chunks/node_modules_next_dist_1gdrd03._.js:1817
[    4322ms] [ERROR] ./src/app/globals.css:3540:8
Error: Parsing CSS source code failed
  3538 |   }
  3539 | }
> 3540 | @import url('https://fonts.googleapis.com/css2?family=Corinthia:wght@400;700&display=swap');
       |        ^
  3541 | :root {
  3542 |   --background: #000000;
  3543 |   --surface: #111111;

@import rules must precede all rules aside from @charset and @layer statements

Generated code of PostCSS transform of file content of src/app/globals.css:
./src/app/globals.css:3540:8
  3538 |   }
  3539 | }
> 3540 | @import url('https://fonts.googleapis.com/css2?family=Corinthia:wght@400;700&display=swap');
       |        ^
  3541 | :root {
  3542 |   --background: #000000;
  3543 |   --surface: #111111;

Import trace:
  Client Component Browser:
    ./src/app/globals.css [Client Component Browser]
    ./src/app/layout.tsx [Server Component] @ http://localhost:3000/_next/static/chunks/node_modules_next_dist_1gdrd03._.js:1817
[    4362ms] [ERROR] ./src/app/globals.css:3540:8
Error: Parsing CSS source code failed
  3538 |   }
  3539 | }
> 3540 | @import url('https://fonts.googleapis.com/css2?family=Corinthia:wght@400;700&display=swap');
       |        ^
  3541 | :root {
  3542 |   --background: #000000;
  3543 |   --surface: #111111;

@import rules must precede all rules aside from @charset and @layer statements

Generated code of PostCSS transform of file content of src/app/globals.css:
./src/app/globals.css:3540:8
  3538 |   }
  3539 | }
> 3540 | @import url('https://fonts.googleapis.com/css2?family=Corinthia:wght@400;700&display=swap');
       |        ^
  3541 | :root {
  3542 |   --background: #000000;
  3543 |   --surface: #111111;

Import trace:
  Client Component Browser:
    ./src/app/globals.css [Client Component Browser]
    ./src/app/layout.tsx [Server Component] @ http://localhost:3000/_next/static/chunks/node_modules_next_dist_1gdrd03._.js:1817
[    4412ms] [ERROR] ./src/app/globals.css:3540:8
Error: Parsing CSS source code failed
  3538 |   }
  3539 | }
> 3540 | @import url('https://fonts.googleapis.com/css2?family=Corinthia:wght@400;700&display=swap');
       |        ^
  3541 | :root {
  3542 |   --background: #000000;
  3543 |   --surface: #111111;

@import rules must precede all rules aside from @charset and @layer statements

Generated code of PostCSS transform of file content of src/app/globals.css:
./src/app/globals.css:3540:8
  3538 |   }
  3539 | }
> 3540 | @import url('https://fonts.googleapis.com/css2?family=Corinthia:wght@400;700&display=swap');
       |        ^
  3541 | :root {
  3542 |   --background: #000000;
  3543 |   --surface: #111111;

Import trace:
  Client Component Browser:
    ./src/app/globals.css [Client Component Browser]
    ./src/app/layout.tsx [Server Component] @ http://localhost:3000/_next/static/chunks/node_modules_next_dist_1gdrd03._.js:1817
[    4480ms] [ERROR] ./src/app/globals.css:3540:8
Error: Parsing CSS source code failed
  3538 |   }
  3539 | }
> 3540 | @import url('https://fonts.googleapis.com/css2?family=Corinthia:wght@400;700&display=swap');
       |        ^
  3541 | :root {
  3542 |   --background: #000000;
  3543 |   --surface: #111111;

@import rules must precede all rules aside from @charset and @layer statements

Generated code of PostCSS transform of file content of src/app/globals.css:
./src/app/globals.css:3540:8
  3538 |   }
  3539 | }
> 3540 | @import url('https://fonts.googleapis.com/css2?family=Corinthia:wght@400;700&display=swap');
       |        ^
  3541 | :root {
  3542 |   --background: #000000;
  3543 |   --surface: #111111;

Import trace:
  Client Component Browser:
    ./src/app/globals.css [Client Component Browser]
    ./src/app/layout.tsx [Server Component] @ http://localhost:3000/_next/static/chunks/node_modules_next_dist_1gdrd03._.js:1817
[    4529ms] [ERROR] ./src/app/globals.css:3540:8
Error: Parsing CSS source code failed
  3538 |   }
  3539 | }
> 3540 | @import url('https://fonts.googleapis.com/css2?family=Corinthia:wght@400;700&display=swap');
       |        ^
  3541 | :root {
  3542 |   --background: #000000;
  3543 |   --surface: #111111;

@import rules must precede all rules aside from @charset and @layer statements

Generated code of PostCSS transform of file content of src/app/globals.css:
./src/app/globals.css:3540:8
  3538 |   }
  3539 | }
> 3540 | @import url('https://fonts.googleapis.com/css2?family=Corinthia:wght@400;700&display=swap');
       |        ^
  3541 | :root {
  3542 |   --background: #000000;
  3543 |   --surface: #111111;

Import trace:
  Client Component Browser:
    ./src/app/globals.css [Client Component Browser]
    ./src/app/layout.tsx [Server Component] @ http://localhost:3000/_next/static/chunks/node_modules_next_dist_1gdrd03._.js:1817
[    4585ms] [ERROR] ./src/app/globals.css:3540:8
Error: Parsing CSS source code failed
  3538 |   }
  3539 | }
> 3540 | @import url('https://fonts.googleapis.com/css2?family=Corinthia:wght@400;700&display=swap');
       |        ^
  3541 | :root {
  3542 |   --background: #000000;
  3543 |   --surface: #111111;

@import rules must precede all rules aside from @charset and @layer statements

Generated code of PostCSS transform of file content of src/app/globals.css:
./src/app/globals.css:3540:8
  3538 |   }
  3539 | }
> 3540 | @import url('https://fonts.googleapis.com/css2?family=Corinthia:wght@400;700&display=swap');
       |        ^
  3541 | :root {
  3542 |   --background: #000000;
  3543 |   --surface: #111111;

Import trace:
  Client Component Browser:
    ./src/app/globals.css [Client Component Browser]
    ./src/app/layout.tsx [Server Component] @ http://localhost:3000/_next/static/chunks/node_modules_next_dist_1gdrd03._.js:1817
[    4647ms] [ERROR] ./src/app/globals.css:3540:8
Error: Parsing CSS source code failed
  3538 |   }
  3539 | }
> 3540 | @import url('https://fonts.googleapis.com/css2?family=Corinthia:wght@400;700&display=swap');
       |        ^
  3541 | :root {
  3542 |   --background: #000000;
  3543 |   --surface: #111111;

@import rules must precede all rules aside from @charset and @layer statements

Generated code of PostCSS transform of file content of src/app/globals.css:
./src/app/globals.css:3540:8
  3538 |   }
  3539 | }
> 3540 | @import url('https://fonts.googleapis.com/css2?family=Corinthia:wght@400;700&display=swap');
       |        ^
  3541 | :root {
  3542 |   --background: #000000;
  3543 |   --surface: #111111;

Import trace:
  Client Component Browser:
    ./src/app/globals.css [Client Component Browser]
    ./src/app/layout.tsx [Server Component] @ http://localhost:3000/_next/static/chunks/node_modules_next_dist_1gdrd03._.js:1817
[    4700ms] [ERROR] ./src/app/globals.css:3540:8
Error: Parsing CSS source code failed
  3538 |   }
  3539 | }
> 3540 | @import url('https://fonts.googleapis.com/css2?family=Corinthia:wght@400;700&display=swap');
       |        ^
  3541 | :root {
  3542 |   --background: #000000;
  3543 |   --surface: #111111;

@import rules must precede all rules aside from @charset and @layer statements

Generated code of PostCSS transform of file content of src/app/globals.css:
./src/app/globals.css:3540:8
  3538 |   }
  3539 | }
> 3540 | @import url('https://fonts.googleapis.com/css2?family=Corinthia:wght@400;700&display=swap');
       |        ^
  3541 | :root {
  3542 |   --background: #000000;
  3543 |   --surface: #111111;

Import trace:
  Client Component Browser:
    ./src/app/globals.css [Client Component Browser]
    ./src/app/layout.tsx [Server Component] @ http://localhost:3000/_next/static/chunks/node_modules_next_dist_1gdrd03._.js:1817
[    4743ms] [ERROR] ./src/app/globals.css:3540:8
Error: Parsing CSS source code failed
  3538 |   }
  3539 | }
> 3540 | @import url('https://fonts.googleapis.com/css2?family=Corinthia:wght@400;700&display=swap');
       |        ^
  3541 | :root {
  3542 |   --background: #000000;
  3543 |   --surface: #111111;

@import rules must precede all rules aside from @charset and @layer statements

Generated code of PostCSS transform of file content of src/app/globals.css:
./src/app/globals.css:3540:8
  3538 |   }
  3539 | }
> 3540 | @import url('https://fonts.googleapis.com/css2?family=Corinthia:wght@400;700&display=swap');
       |        ^
  3541 | :root {
  3542 |   --background: #000000;
  3543 |   --surface: #111111;

Import trace:
  Client Component Browser:
    ./src/app/globals.css [Client Component Browser]
    ./src/app/layout.tsx [Server Component] @ http://localhost:3000/_next/static/chunks/node_modules_next_dist_1gdrd03._.js:1817
[    4800ms] [ERROR] ./src/app/globals.css:3540:8
Error: Parsing CSS source code failed
  3538 |   }
  3539 | }
> 3540 | @import url('https://fonts.googleapis.com/css2?family=Corinthia:wght@400;700&display=swap');
       |        ^
  3541 | :root {
  3542 |   --background: #000000;
  3543 |   --surface: #111111;

@import rules must precede all rules aside from @charset and @layer statements

Generated code of PostCSS transform of file content of src/app/globals.css:
./src/app/globals.css:3540:8
  3538 |   }
  3539 | }
> 3540 | @import url('https://fonts.googleapis.com/css2?family=Corinthia:wght@400;700&display=swap');
       |        ^
  3541 | :root {
  3542 |   --background: #000000;
  3543 |   --surface: #111111;

Import trace:
  Client Component Browser:
    ./src/app/globals.css [Client Component Browser]
    ./src/app/layout.tsx [Server Component] @ http://localhost:3000/_next/static/chunks/node_modules_next_dist_1gdrd03._.js:1817
[    4850ms] [ERROR] ./src/app/globals.css:3540:8
Error: Parsing CSS source code failed
  3538 |   }
  3539 | }
> 3540 | @import url('https://fonts.googleapis.com/css2?family=Corinthia:wght@400;700&display=swap');
       |        ^
  3541 | :root {
  3542 |   --background: #000000;
  3543 |   --surface: #111111;

@import rules must precede all rules aside from @charset and @layer statements

Generated code of PostCSS transform of file content of src/app/globals.css:
./src/app/globals.css:3540:8
  3538 |   }
  3539 | }
> 3540 | @import url('https://fonts.googleapis.com/css2?family=Corinthia:wght@400;700&display=swap');
       |        ^
  3541 | :root {
  3542 |   --background: #000000;
  3543 |   --surface: #111111;

Import trace:
  Client Component Browser:
    ./src/app/globals.css [Client Component Browser]
    ./src/app/layout.tsx [Server Component] @ http://localhost:3000/_next/static/chunks/node_modules_next_dist_1gdrd03._.js:1817
[    4898ms] [ERROR] ./src/app/globals.css:3540:8
Error: Parsing CSS source code failed
  3538 |   }
  3539 | }
> 3540 | @import url('https://fonts.googleapis.com/css2?family=Corinthia:wght@400;700&display=swap');
       |        ^
  3541 | :root {
  3542 |   --background: #000000;
  3543 |   --surface: #111111;

@import rules must precede all rules aside from @charset and @layer statements

Generated code of PostCSS transform of file content of src/app/globals.css:
./src/app/globals.css:3540:8
  3538 |   }
  3539 | }
> 3540 | @import url('https://fonts.googleapis.com/css2?family=Corinthia:wght@400;700&display=swap');
       |        ^
  3541 | :root {
  3542 |   --background: #000000;
  3543 |   --surface: #111111;

Import trace:
  Client Component Browser:
    ./src/app/globals.css [Client Component Browser]
    ./src/app/layout.tsx [Server Component] @ http://localhost:3000/_next/static/chunks/node_modules_next_dist_1gdrd03._.js:1817
[    4954ms] [ERROR] ./src/app/globals.css:3540:8
Error: Parsing CSS source code failed
  3538 |   }
  3539 | }
> 3540 | @import url('https://fonts.googleapis.com/css2?family=Corinthia:wght@400;700&display=swap');
       |        ^
  3541 | :root {
  3542 |   --background: #000000;
  3543 |   --surface: #111111;

@import rules must precede all rules aside from @charset and @layer statements

Generated code of PostCSS transform of file content of src/app/globals.css:
./src/app/globals.css:3540:8
  3538 |   }
  3539 | }
> 3540 | @import url('https://fonts.googleapis.com/css2?family=Corinthia:wght@400;700&display=swap');
       |        ^
  3541 | :root {
  3542 |   --background: #000000;
  3543 |   --surface: #111111;

Import trace:
  Client Component Browser:
    ./src/app/globals.css [Client Component Browser]
    ./src/app/layout.tsx [Server Component] @ http://localhost:3000/_next/static/chunks/node_modules_next_dist_1gdrd03._.js:1817
[    5011ms] [ERROR] ./src/app/globals.css:3540:8
Error: Parsing CSS source code failed
  3538 |   }
  3539 | }
> 3540 | @import url('https://fonts.googleapis.com/css2?family=Corinthia:wght@400;700&display=swap');
       |        ^
  3541 | :root {
  3542 |   --background: #000000;
  3543 |   --surface: #111111;

@import rules must precede all rules aside from @charset and @layer statements

Generated code of PostCSS transform of file content of src/app/globals.css:
./src/app/globals.css:3540:8
  3538 |   }
  3539 | }
> 3540 | @import url('https://fonts.googleapis.com/css2?family=Corinthia:wght@400;700&display=swap');
       |        ^
  3541 | :root {
  3542 |   --background: #000000;
  3543 |   --surface: #111111;

Import trace:
  Client Component Browser:
    ./src/app/globals.css [Client Component Browser]
    ./src/app/layout.tsx [Server Component] @ http://localhost:3000/_next/static/chunks/node_modules_next_dist_1gdrd03._.js:1817
[    5063ms] [ERROR] ./src/app/globals.css:3540:8
Error: Parsing CSS source code failed
  3538 |   }
  3539 | }
> 3540 | @import url('https://fonts.googleapis.com/css2?family=Corinthia:wght@400;700&display=swap');
       |        ^
  3541 | :root {
  3542 |   --background: #000000;
  3543 |   --surface: #111111;

@import rules must precede all rules aside from @charset and @layer statements

Generated code of PostCSS transform of file content of src/app/globals.css:
./src/app/globals.css:3540:8
  3538 |   }
  3539 | }
> 3540 | @import url('https://fonts.googleapis.com/css2?family=Corinthia:wght@400;700&display=swap');
       |        ^
  3541 | :root {
  3542 |   --background: #000000;
  3543 |   --surface: #111111;

Import trace:
  Client Component Browser:
    ./src/app/globals.css [Client Component Browser]
    ./src/app/layout.tsx [Server Component] @ http://localhost:3000/_next/static/chunks/node_modules_next_dist_1gdrd03._.js:1817
[    5109ms] [ERROR] ./src/app/globals.css:3540:8
Error: Parsing CSS source code failed
  3538 |   }
  3539 | }
> 3540 | @import url('https://fonts.googleapis.com/css2?family=Corinthia:wght@400;700&display=swap');
       |        ^
  3541 | :root {
  3542 |   --background: #000000;
  3543 |   --surface: #111111;

@import rules must precede all rules aside from @charset and @layer statements

Generated code of PostCSS transform of file content of src/app/globals.css:
./src/app/globals.css:3540:8
  3538 |   }
  3539 | }
> 3540 | @import url('https://fonts.googleapis.com/css2?family=Corinthia:wght@400;700&display=swap');
       |        ^
  3541 | :root {
  3542 |   --background: #000000;
  3543 |   --surface: #111111;

Import trace:
  Client Component Browser:
    ./src/app/globals.css [Client Component Browser]
    ./src/app/layout.tsx [Server Component] @ http://localhost:3000/_next/static/chunks/node_modules_next_dist_1gdrd03._.js:1817
[    5163ms] [ERROR] ./src/app/globals.css:3540:8
Error: Parsing CSS source code failed
  3538 |   }
  3539 | }
> 3540 | @import url('https://fonts.googleapis.com/css2?family=Corinthia:wght@400;700&display=swap');
       |        ^
  3541 | :root {
  3542 |   --background: #000000;
  3543 |   --surface: #111111;

@import rules must precede all rules aside from @charset and @layer statements

Generated code of PostCSS transform of file content of src/app/globals.css:
./src/app/globals.css:3540:8
  3538 |   }
  3539 | }
> 3540 | @import url('https://fonts.googleapis.com/css2?family=Corinthia:wght@400;700&display=swap');
       |        ^
  3541 | :root {
  3542 |   --background: #000000;
  3543 |   --surface: #111111;

Import trace:
  Client Component Browser:
    ./src/app/globals.css [Client Component Browser]
    ./src/app/layout.tsx [Server Component] @ http://localhost:3000/_next/static/chunks/node_modules_next_dist_1gdrd03._.js:1817
[    5217ms] [ERROR] ./src/app/globals.css:3540:8
Error: Parsing CSS source code failed
  3538 |   }
  3539 | }
> 3540 | @import url('https://fonts.googleapis.com/css2?family=Corinthia:wght@400;700&display=swap');
       |        ^
  3541 | :root {
  3542 |   --background: #000000;
  3543 |   --surface: #111111;

@import rules must precede all rules aside from @charset and @layer statements

Generated code of PostCSS transform of file content of src/app/globals.css:
./src/app/globals.css:3540:8
  3538 |   }
  3539 | }
> 3540 | @import url('https://fonts.googleapis.com/css2?family=Corinthia:wght@400;700&display=swap');
       |        ^
  3541 | :root {
  3542 |   --background: #000000;
  3543 |   --surface: #111111;

Import trace:
  Client Component Browser:
    ./src/app/globals.css [Client Component Browser]
    ./src/app/layout.tsx [Server Component] @ http://localhost:3000/_next/static/chunks/node_modules_next_dist_1gdrd03._.js:1817
[    5273ms] [ERROR] ./src/app/globals.css:3540:8
Error: Parsing CSS source code failed
  3538 |   }
  3539 | }
> 3540 | @import url('https://fonts.googleapis.com/css2?family=Corinthia:wght@400;700&display=swap');
       |        ^
  3541 | :root {
  3542 |   --background: #000000;
  3543 |   --surface: #111111;

@import rules must precede all rules aside from @charset and @layer statements

Generated code of PostCSS transform of file content of src/app/globals.css:
./src/app/globals.css:3540:8
  3538 |   }
  3539 | }
> 3540 | @import url('https://fonts.googleapis.com/css2?family=Corinthia:wght@400;700&display=swap');
       |        ^
  3541 | :root {
  3542 |   --background: #000000;
  3543 |   --surface: #111111;

Import trace:
  Client Component Browser:
    ./src/app/globals.css [Client Component Browser]
    ./src/app/layout.tsx [Server Component] @ http://localhost:3000/_next/static/chunks/node_modules_next_dist_1gdrd03._.js:1817
[    5324ms] [ERROR] ./src/app/globals.css:3540:8
Error: Parsing CSS source code failed
  3538 |   }
  3539 | }
> 3540 | @import url('https://fonts.googleapis.com/css2?family=Corinthia:wght@400;700&display=swap');
       |        ^
  3541 | :root {
  3542 |   --background: #000000;
  3543 |   --surface: #111111;

@import rules must precede all rules aside from @charset and @layer statements

Generated code of PostCSS transform of file content of src/app/globals.css:
./src/app/globals.css:3540:8
  3538 |   }
  3539 | }
> 3540 | @import url('https://fonts.googleapis.com/css2?family=Corinthia:wght@400;700&display=swap');
       |        ^
  3541 | :root {
  3542 |   --background: #000000;
  3543 |   --surface: #111111;

Import trace:
  Client Component Browser:
    ./src/app/globals.css [Client Component Browser]
    ./src/app/layout.tsx [Server Component] @ http://localhost:3000/_next/static/chunks/node_modules_next_dist_1gdrd03._.js:1817
[    5379ms] [ERROR] ./src/app/globals.css:3540:8
Error: Parsing CSS source code failed
  3538 |   }
  3539 | }
> 3540 | @import url('https://fonts.googleapis.com/css2?family=Corinthia:wght@400;700&display=swap');
       |        ^
  3541 | :root {
  3542 |   --background: #000000;
  3543 |   --surface: #111111;

@import rules must precede all rules aside from @charset and @layer statements

Generated code of PostCSS transform of file content of src/app/globals.css:
./src/app/globals.css:3540:8
  3538 |   }
  3539 | }
> 3540 | @import url('https://fonts.googleapis.com/css2?family=Corinthia:wght@400;700&display=swap');
       |        ^
  3541 | :root {
  3542 |   --background: #000000;
  3543 |   --surface: #111111;

Import trace:
  Client Component Browser:
    ./src/app/globals.css [Client Component Browser]
    ./src/app/layout.tsx [Server Component] @ http://localhost:3000/_next/static/chunks/node_modules_next_dist_1gdrd03._.js:1817
[    5447ms] [ERROR] ./src/app/globals.css:3540:8
Error: Parsing CSS source code failed
  3538 |   }
  3539 | }
> 3540 | @import url('https://fonts.googleapis.com/css2?family=Corinthia:wght@400;700&display=swap');
       |        ^
  3541 | :root {
  3542 |   --background: #000000;
  3543 |   --surface: #111111;

@import rules must precede all rules aside from @charset and @layer statements

Generated code of PostCSS transform of file content of src/app/globals.css:
./src/app/globals.css:3540:8
  3538 |   }
  3539 | }
> 3540 | @import url('https://fonts.googleapis.com/css2?family=Corinthia:wght@400;700&display=swap');
       |        ^
  3541 | :root {
  3542 |   --background: #000000;
  3543 |   --surface: #111111;

Import trace:
  Client Component Browser:
    ./src/app/globals.css [Client Component Browser]
    ./src/app/layout.tsx [Server Component] @ http://localhost:3000/_next/static/chunks/node_modules_next_dist_1gdrd03._.js:1817
[    5509ms] [ERROR] ./src/app/globals.css:3540:8
Error: Parsing CSS source code failed
  3538 |   }
  3539 | }
> 3540 | @import url('https://fonts.googleapis.com/css2?family=Corinthia:wght@400;700&display=swap');
       |        ^
  3541 | :root {
  3542 |   --background: #000000;
  3543 |   --surface: #111111;

@import rules must precede all rules aside from @charset and @layer statements

Generated code of PostCSS transform of file content of src/app/globals.css:
./src/app/globals.css:3540:8
  3538 |   }
  3539 | }
> 3540 | @import url('https://fonts.googleapis.com/css2?family=Corinthia:wght@400;700&display=swap');
       |        ^
  3541 | :root {
  3542 |   --background: #000000;
  3543 |   --surface: #111111;

Import trace:
  Client Component Browser:
    ./src/app/globals.css [Client Component Browser]
    ./src/app/layout.tsx [Server Component] @ http://localhost:3000/_next/static/chunks/node_modules_next_dist_1gdrd03._.js:1817
[    5565ms] [ERROR] ./src/app/globals.css:3540:8
Error: Parsing CSS source code failed
  3538 |   }
  3539 | }
> 3540 | @import url('https://fonts.googleapis.com/css2?family=Corinthia:wght@400;700&display=swap');
       |        ^
  3541 | :root {
  3542 |   --background: #000000;
  3543 |   --surface: #111111;

@import rules must precede all rules aside from @charset and @layer statements

Generated code of PostCSS transform of file content of src/app/globals.css:
./src/app/globals.css:3540:8
  3538 |   }
  3539 | }
> 3540 | @import url('https://fonts.googleapis.com/css2?family=Corinthia:wght@400;700&display=swap');
       |        ^
  3541 | :root {
  3542 |   --background: #000000;
  3543 |   --surface: #111111;

Import trace:
  Client Component Browser:
    ./src/app/globals.css [Client Component Browser]
    ./src/app/layout.tsx [Server Component] @ http://localhost:3000/_next/static/chunks/node_modules_next_dist_1gdrd03._.js:1817
[    5620ms] [ERROR] ./src/app/globals.css:3540:8
Error: Parsing CSS source code failed
  3538 |   }
  3539 | }
> 3540 | @import url('https://fonts.googleapis.com/css2?family=Corinthia:wght@400;700&display=swap');
       |        ^
  3541 | :root {
  3542 |   --background: #000000;
  3543 |   --surface: #111111;

@import rules must precede all rules aside from @charset and @layer statements

Generated code of PostCSS transform of file content of src/app/globals.css:
./src/app/globals.css:3540:8
  3538 |   }
  3539 | }
> 3540 | @import url('https://fonts.googleapis.com/css2?family=Corinthia:wght@400;700&display=swap');
       |        ^
  3541 | :root {
  3542 |   --background: #000000;
  3543 |   --surface: #111111;

Import trace:
  Client Component Browser:
    ./src/app/globals.css [Client Component Browser]
    ./src/app/layout.tsx [Server Component] @ http://localhost:3000/_next/static/chunks/node_modules_next_dist_1gdrd03._.js:1817
[    5683ms] [ERROR] ./src/app/globals.css:3540:8
Error: Parsing CSS source code failed
  3538 |   }
  3539 | }
> 3540 | @import url('https://fonts.googleapis.com/css2?family=Corinthia:wght@400;700&display=swap');
       |        ^
  3541 | :root {
  3542 |   --background: #000000;
  3543 |   --surface: #111111;

@import rules must precede all rules aside from @charset and @layer statements

Generated code of PostCSS transform of file content of src/app/globals.css:
./src/app/globals.css:3540:8
  3538 |   }
  3539 | }
> 3540 | @import url('https://fonts.googleapis.com/css2?family=Corinthia:wght@400;700&display=swap');
       |        ^
  3541 | :root {
  3542 |   --background: #000000;
  3543 |   --surface: #111111;

Import trace:
  Client Component Browser:
    ./src/app/globals.css [Client Component Browser]
    ./src/app/layout.tsx [Server Component] @ http://localhost:3000/_next/static/chunks/node_modules_next_dist_1gdrd03._.js:1817
[    5730ms] [ERROR] ./src/app/globals.css:3540:8
Error: Parsing CSS source code failed
  3538 |   }
  3539 | }
> 3540 | @import url('https://fonts.googleapis.com/css2?family=Corinthia:wght@400;700&display=swap');
       |        ^
  3541 | :root {
  3542 |   --background: #000000;
  3543 |   --surface: #111111;

@import rules must precede all rules aside from @charset and @layer statements

Generated code of PostCSS transform of file content of src/app/globals.css:
./src/app/globals.css:3540:8
  3538 |   }
  3539 | }
> 3540 | @import url('https://fonts.googleapis.com/css2?family=Corinthia:wght@400;700&display=swap');
       |        ^
  3541 | :root {
  3542 |   --background: #000000;
  3543 |   --surface: #111111;

Import trace:
  Client Component Browser:
    ./src/app/globals.css [Client Component Browser]
    ./src/app/layout.tsx [Server Component] @ http://localhost:3000/_next/static/chunks/node_modules_next_dist_1gdrd03._.js:1817
[    5783ms] [ERROR] ./src/app/globals.css:3540:8
Error: Parsing CSS source code failed
  3538 |   }
  3539 | }
> 3540 | @import url('https://fonts.googleapis.com/css2?family=Corinthia:wght@400;700&display=swap');
       |        ^
  3541 | :root {
  3542 |   --background: #000000;
  3543 |   --surface: #111111;

@import rules must precede all rules aside from @charset and @layer statements

Generated code of PostCSS transform of file content of src/app/globals.css:
./src/app/globals.css:3540:8
  3538 |   }
  3539 | }
> 3540 | @import url('https://fonts.googleapis.com/css2?family=Corinthia:wght@400;700&display=swap');
       |        ^
  3541 | :root {
  3542 |   --background: #000000;
  3543 |   --surface: #111111;

Import trace:
  Client Component Browser:
    ./src/app/globals.css [Client Component Browser]
    ./src/app/layout.tsx [Server Component] @ http://localhost:3000/_next/static/chunks/node_modules_next_dist_1gdrd03._.js:1817
[    5827ms] [ERROR] ./src/app/globals.css:3540:8
Error: Parsing CSS source code failed
  3538 |   }
  3539 | }
> 3540 | @import url('https://fonts.googleapis.com/css2?family=Corinthia:wght@400;700&display=swap');
       |        ^
  3541 | :root {
  3542 |   --background: #000000;
  3543 |   --surface: #111111;

@import rules must precede all rules aside from @charset and @layer statements

Generated code of PostCSS transform of file content of src/app/globals.css:
./src/app/globals.css:3540:8
  3538 |   }
  3539 | }
> 3540 | @import url('https://fonts.googleapis.com/css2?family=Corinthia:wght@400;700&display=swap');
       |        ^
  3541 | :root {
  3542 |   --background: #000000;
  3543 |   --surface: #111111;

Import trace:
  Client Component Browser:
    ./src/app/globals.css [Client Component Browser]
    ./src/app/layout.tsx [Server Component] @ http://localhost:3000/_next/static/chunks/node_modules_next_dist_1gdrd03._.js:1817
[    5884ms] [ERROR] ./src/app/globals.css:3540:8
Error: Parsing CSS source code failed
  3538 |   }
  3539 | }
> 3540 | @import url('https://fonts.googleapis.com/css2?family=Corinthia:wght@400;700&display=swap');
       |        ^
  3541 | :root {
  3542 |   --background: #000000;
  3543 |   --surface: #111111;

@import rules must precede all rules aside from @charset and @layer statements

Generated code of PostCSS transform of file content of src/app/globals.css:
./src/app/globals.css:3540:8
  3538 |   }
  3539 | }
> 3540 | @import url('https://fonts.googleapis.com/css2?family=Corinthia:wght@400;700&display=swap');
       |        ^
  3541 | :root {
  3542 |   --background: #000000;
  3543 |   --surface: #111111;

Import trace:
  Client Component Browser:
    ./src/app/globals.css [Client Component Browser]
    ./src/app/layout.tsx [Server Component] @ http://localhost:3000/_next/static/chunks/node_modules_next_dist_1gdrd03._.js:1817
[    5933ms] [ERROR] ./src/app/globals.css:3540:8
Error: Parsing CSS source code failed
  3538 |   }
  3539 | }
> 3540 | @import url('https://fonts.googleapis.com/css2?family=Corinthia:wght@400;700&display=swap');
       |        ^
  3541 | :root {
  3542 |   --background: #000000;
  3543 |   --surface: #111111;

@import rules must precede all rules aside from @charset and @layer statements

Generated code of PostCSS transform of file content of src/app/globals.css:
./src/app/globals.css:3540:8
  3538 |   }
  3539 | }
> 3540 | @import url('https://fonts.googleapis.com/css2?family=Corinthia:wght@400;700&display=swap');
       |        ^
  3541 | :root {
  3542 |   --background: #000000;
  3543 |   --surface: #111111;

Import trace:
  Client Component Browser:
    ./src/app/globals.css [Client Component Browser]
    ./src/app/layout.tsx [Server Component] @ http://localhost:3000/_next/static/chunks/node_modules_next_dist_1gdrd03._.js:1817
[    5990ms] [ERROR] ./src/app/globals.css:3540:8
Error: Parsing CSS source code failed
  3538 |   }
  3539 | }
> 3540 | @import url('https://fonts.googleapis.com/css2?family=Corinthia:wght@400;700&display=swap');
       |        ^
  3541 | :root {
  3542 |   --background: #000000;
  3543 |   --surface: #111111;

@import rules must precede all rules aside from @charset and @layer statements

Generated code of PostCSS transform of file content of src/app/globals.css:
./src/app/globals.css:3540:8
  3538 |   }
  3539 | }
> 3540 | @import url('https://fonts.googleapis.com/css2?family=Corinthia:wght@400;700&display=swap');
       |        ^
  3541 | :root {
  3542 |   --background: #000000;
  3543 |   --surface: #111111;

Import trace:
  Client Component Browser:
    ./src/app/globals.css [Client Component Browser]
    ./src/app/layout.tsx [Server Component] @ http://localhost:3000/_next/static/chunks/node_modules_next_dist_1gdrd03._.js:1817
[    6036ms] [ERROR] ./src/app/globals.css:3540:8
Error: Parsing CSS source code failed
  3538 |   }
  3539 | }
> 3540 | @import url('https://fonts.googleapis.com/css2?family=Corinthia:wght@400;700&display=swap');
       |        ^
  3541 | :root {
  3542 |   --background: #000000;
  3543 |   --surface: #111111;

@import rules must precede all rules aside from @charset and @layer statements

Generated code of PostCSS transform of file content of src/app/globals.css:
./src/app/globals.css:3540:8
  3538 |   }
  3539 | }
> 3540 | @import url('https://fonts.googleapis.com/css2?family=Corinthia:wght@400;700&display=swap');
       |        ^
  3541 | :root {
  3542 |   --background: #000000;
  3543 |   --surface: #111111;

Import trace:
  Client Component Browser:
    ./src/app/globals.css [Client Component Browser]
    ./src/app/layout.tsx [Server Component] @ http://localhost:3000/_next/static/chunks/node_modules_next_dist_1gdrd03._.js:1817
[    6085ms] [ERROR] ./src/app/globals.css:3540:8
Error: Parsing CSS source code failed
  3538 |   }
  3539 | }
> 3540 | @import url('https://fonts.googleapis.com/css2?family=Corinthia:wght@400;700&display=swap');
       |        ^
  3541 | :root {
  3542 |   --background: #000000;
  3543 |   --surface: #111111;

@import rules must precede all rules aside from @charset and @layer statements

Generated code of PostCSS transform of file content of src/app/globals.css:
./src/app/globals.css:3540:8
  3538 |   }
  3539 | }
> 3540 | @import url('https://fonts.googleapis.com/css2?family=Corinthia:wght@400;700&display=swap');
       |        ^
  3541 | :root {
  3542 |   --background: #000000;
  3543 |   --surface: #111111;

Import trace:
  Client Component Browser:
    ./src/app/globals.css [Client Component Browser]
    ./src/app/layout.tsx [Server Component] @ http://localhost:3000/_next/static/chunks/node_modules_next_dist_1gdrd03._.js:1817
[    6140ms] [ERROR] ./src/app/globals.css:3540:8
Error: Parsing CSS source code failed
  3538 |   }
  3539 | }
> 3540 | @import url('https://fonts.googleapis.com/css2?family=Corinthia:wght@400;700&display=swap');
       |        ^
  3541 | :root {
  3542 |   --background: #000000;
  3543 |   --surface: #111111;

@import rules must precede all rules aside from @charset and @layer statements

Generated code of PostCSS transform of file content of src/app/globals.css:
./src/app/globals.css:3540:8
  3538 |   }
  3539 | }
> 3540 | @import url('https://fonts.googleapis.com/css2?family=Corinthia:wght@400;700&display=swap');
       |        ^
  3541 | :root {
  3542 |   --background: #000000;
  3543 |   --surface: #111111;

Import trace:
  Client Component Browser:
    ./src/app/globals.css [Client Component Browser]
    ./src/app/layout.tsx [Server Component] @ http://localhost:3000/_next/static/chunks/node_modules_next_dist_1gdrd03._.js:1817
[    6188ms] [ERROR] ./src/app/globals.css:3540:8
Error: Parsing CSS source code failed
  3538 |   }
  3539 | }
> 3540 | @import url('https://fonts.googleapis.com/css2?family=Corinthia:wght@400;700&display=swap');
       |        ^
  3541 | :root {
  3542 |   --background: #000000;
  3543 |   --surface: #111111;

@import rules must precede all rules aside from @charset and @layer statements

Generated code of PostCSS transform of file content of src/app/globals.css:
./src/app/globals.css:3540:8
  3538 |   }
  3539 | }
> 3540 | @import url('https://fonts.googleapis.com/css2?family=Corinthia:wght@400;700&display=swap');
       |        ^
  3541 | :root {
  3542 |   --background: #000000;
  3543 |   --surface: #111111;

Import trace:
  Client Component Browser:
    ./src/app/globals.css [Client Component Browser]
    ./src/app/layout.tsx [Server Component] @ http://localhost:3000/_next/static/chunks/node_modules_next_dist_1gdrd03._.js:1817
[    6245ms] [ERROR] ./src/app/globals.css:3540:8
Error: Parsing CSS source code failed
  3538 |   }
  3539 | }
> 3540 | @import url('https://fonts.googleapis.com/css2?family=Corinthia:wght@400;700&display=swap');
       |        ^
  3541 | :root {
  3542 |   --background: #000000;
  3543 |   --surface: #111111;

@import rules must precede all rules aside from @charset and @layer statements

Generated code of PostCSS transform of file content of src/app/globals.css:
./src/app/globals.css:3540:8
  3538 |   }
  3539 | }
> 3540 | @import url('https://fonts.googleapis.com/css2?family=Corinthia:wght@400;700&display=swap');
       |        ^
  3541 | :root {
  3542 |   --background: #000000;
  3543 |   --surface: #111111;

Import trace:
  Client Component Browser:
    ./src/app/globals.css [Client Component Browser]
    ./src/app/layout.tsx [Server Component] @ http://localhost:3000/_next/static/chunks/node_modules_next_dist_1gdrd03._.js:1817
[    6302ms] [ERROR] ./src/app/globals.css:3540:8
Error: Parsing CSS source code failed
  3538 |   }
  3539 | }
> 3540 | @import url('https://fonts.googleapis.com/css2?family=Corinthia:wght@400;700&display=swap');
       |        ^
  3541 | :root {
  3542 |   --background: #000000;
  3543 |   --surface: #111111;

@import rules must precede all rules aside from @charset and @layer statements

Generated code of PostCSS transform of file content of src/app/globals.css:
./src/app/globals.css:3540:8
  3538 |   }
  3539 | }
> 3540 | @import url('https://fonts.googleapis.com/css2?family=Corinthia:wght@400;700&display=swap');
       |        ^
  3541 | :root {
  3542 |   --background: #000000;
  3543 |   --surface: #111111;

Import trace:
  Client Component Browser:
    ./src/app/globals.css [Client Component Browser]
    ./src/app/layout.tsx [Server Component] @ http://localhost:3000/_next/static/chunks/node_modules_next_dist_1gdrd03._.js:1817
[    6365ms] [ERROR] ./src/app/globals.css:3540:8
Error: Parsing CSS source code failed
  3538 |   }
  3539 | }
> 3540 | @import url('https://fonts.googleapis.com/css2?family=Corinthia:wght@400;700&display=swap');
       |        ^
  3541 | :root {
  3542 |   --background: #000000;
  3543 |   --surface: #111111;

@import rules must precede all rules aside from @charset and @layer statements

Generated code of PostCSS transform of file content of src/app/globals.css:
./src/app/globals.css:3540:8
  3538 |   }
  3539 | }
> 3540 | @import url('https://fonts.googleapis.com/css2?family=Corinthia:wght@400;700&display=swap');
       |        ^
  3541 | :root {
  3542 |   --background: #000000;
  3543 |   --surface: #111111;

Import trace:
  Client Component Browser:
    ./src/app/globals.css [Client Component Browser]
    ./src/app/layout.tsx [Server Component] @ http://localhost:3000/_next/static/chunks/node_modules_next_dist_1gdrd03._.js:1817
[    6426ms] [ERROR] ./src/app/globals.css:3540:8
Error: Parsing CSS source code failed
  3538 |   }
  3539 | }
> 3540 | @import url('https://fonts.googleapis.com/css2?family=Corinthia:wght@400;700&display=swap');
       |        ^
  3541 | :root {
  3542 |   --background: #000000;
  3543 |   --surface: #111111;

@import rules must precede all rules aside from @charset and @layer statements

Generated code of PostCSS transform of file content of src/app/globals.css:
./src/app/globals.css:3540:8
  3538 |   }
  3539 | }
> 3540 | @import url('https://fonts.googleapis.com/css2?family=Corinthia:wght@400;700&display=swap');
       |        ^
  3541 | :root {
  3542 |   --background: #000000;
  3543 |   --surface: #111111;

Import trace:
  Client Component Browser:
    ./src/app/globals.css [Client Component Browser]
    ./src/app/layout.tsx [Server Component] @ http://localhost:3000/_next/static/chunks/node_modules_next_dist_1gdrd03._.js:1817
[    6779ms] [ERROR] ./src/app/globals.css:3540:8
Error: Parsing CSS source code failed
  3538 |   }
  3539 | }
> 3540 | @import url('https://fonts.googleapis.com/css2?family=Corinthia:wght@400;700&display=swap');
       |        ^
  3541 | :root {
  3542 |   --background: #000000;
  3543 |   --surface: #111111;

@import rules must precede all rules aside from @charset and @layer statements

Generated code of PostCSS transform of file content of src/app/globals.css:
./src/app/globals.css:3540:8
  3538 |   }
  3539 | }
> 3540 | @import url('https://fonts.googleapis.com/css2?family=Corinthia:wght@400;700&display=swap');
       |        ^
  3541 | :root {
  3542 |   --background: #000000;
  3543 |   --surface: #111111;

Import trace:
  Client Component Browser:
    ./src/app/globals.css [Client Component Browser]
    ./src/app/layout.tsx [Server Component] @ http://localhost:3000/_next/static/chunks/node_modules_next_dist_1gdrd03._.js:1817
[    6858ms] [ERROR] ./src/app/globals.css:3540:8
Error: Parsing CSS source code failed
  3538 |   }
  3539 | }
> 3540 | @import url('https://fonts.googleapis.com/css2?family=Corinthia:wght@400;700&display=swap');
       |        ^
  3541 | :root {
  3542 |   --background: #000000;
  3543 |   --surface: #111111;

@import rules must precede all rules aside from @charset and @layer statements

Generated code of PostCSS transform of file content of src/app/globals.css:
./src/app/globals.css:3540:8
  3538 |   }
  3539 | }
> 3540 | @import url('https://fonts.googleapis.com/css2?family=Corinthia:wght@400;700&display=swap');
       |        ^
  3541 | :root {
  3542 |   --background: #000000;
  3543 |   --surface: #111111;

Import trace:
  Client Component Browser:
    ./src/app/globals.css [Client Component Browser]
    ./src/app/layout.tsx [Server Component] @ http://localhost:3000/_next/static/chunks/node_modules_next_dist_1gdrd03._.js:1817
[    6883ms] [LOG] [Fast Refresh] rebuilding @ http://localhost:3000/_next/static/chunks/node_modules_next_dist_1gdrd03._.js:756
[    6921ms] [ERROR] ./src/app/globals.css:3540:8
Error: Parsing CSS source code failed
  3538 |   }
  3539 | }
> 3540 | @import url('https://fonts.googleapis.com/css2?family=Corinthia:wght@400;700&display=swap');
       |        ^
  3541 | :root {
  3542 |   --background: #000000;
  3543 |   --surface: #111111;

@import rules must precede all rules aside from @charset and @layer statements

Generated code of PostCSS transform of file content of src/app/globals.css:
./src/app/globals.css:3540:8
  3538 |   }
  3539 | }
> 3540 | @import url('https://fonts.googleapis.com/css2?family=Corinthia:wght@400;700&display=swap');
       |        ^
  3541 | :root {
  3542 |   --background: #000000;
  3543 |   --surface: #111111;

Import trace:
  Client Component Browser:
    ./src/app/globals.css [Client Component Browser]
    ./src/app/layout.tsx [Server Component] @ http://localhost:3000/_next/static/chunks/node_modules_next_dist_1gdrd03._.js:1817
[    6982ms] [ERROR] ./src/app/globals.css:3540:8
Error: Parsing CSS source code failed
  3538 |   }
  3539 | }
> 3540 | @import url('https://fonts.googleapis.com/css2?family=Corinthia:wght@400;700&display=swap');
       |        ^
  3541 | :root {
  3542 |   --background: #000000;
  3543 |   --surface: #111111;

@import rules must precede all rules aside from @charset and @layer statements

Generated code of PostCSS transform of file content of src/app/globals.css:
./src/app/globals.css:3540:8
  3538 |   }
  3539 | }
> 3540 | @import url('https://fonts.googleapis.com/css2?family=Corinthia:wght@400;700&display=swap');
       |        ^
  3541 | :root {
  3542 |   --background: #000000;
  3543 |   --surface: #111111;

Import trace:
  Client Component Browser:
    ./src/app/globals.css [Client Component Browser]
    ./src/app/layout.tsx [Server Component] @ http://localhost:3000/_next/static/chunks/node_modules_next_dist_1gdrd03._.js:1817
[    7036ms] [ERROR] ./src/app/globals.css:3540:8
Error: Parsing CSS source code failed
  3538 |   }
  3539 | }
> 3540 | @import url('https://fonts.googleapis.com/css2?family=Corinthia:wght@400;700&display=swap');
       |        ^
  3541 | :root {
  3542 |   --background: #000000;
  3543 |   --surface: #111111;

@import rules must precede all rules aside from @charset and @layer statements

Generated code of PostCSS transform of file content of src/app/globals.css:
./src/app/globals.css:3540:8
  3538 |   }
  3539 | }
> 3540 | @import url('https://fonts.googleapis.com/css2?family=Corinthia:wght@400;700&display=swap');
       |        ^
  3541 | :root {
  3542 |   --background: #000000;
  3543 |   --surface: #111111;

Import trace:
  Client Component Browser:
    ./src/app/globals.css [Client Component Browser]
    ./src/app/layout.tsx [Server Component] @ http://localhost:3000/_next/static/chunks/node_modules_next_dist_1gdrd03._.js:1817
[    7106ms] [ERROR] ./src/app/globals.css:3540:8
Error: Parsing CSS source code failed
  3538 |   }
  3539 | }
> 3540 | @import url('https://fonts.googleapis.com/css2?family=Corinthia:wght@400;700&display=swap');
       |        ^
  3541 | :root {
  3542 |   --background: #000000;
  3543 |   --surface: #111111;

@import rules must precede all rules aside from @charset and @layer statements

Generated code of PostCSS transform of file content of src/app/globals.css:
./src/app/globals.css:3540:8
  3538 |   }
  3539 | }
> 3540 | @import url('https://fonts.googleapis.com/css2?family=Corinthia:wght@400;700&display=swap');
       |        ^
  3541 | :root {
  3542 |   --background: #000000;
  3543 |   --surface: #111111;

Import trace:
  Client Component Browser:
    ./src/app/globals.css [Client Component Browser]
    ./src/app/layout.tsx [Server Component] @ http://localhost:3000/_next/static/chunks/node_modules_next_dist_1gdrd03._.js:1817
[    7182ms] [ERROR] ./src/app/globals.css:3540:8
Error: Parsing CSS source code failed
  3538 |   }
  3539 | }
> 3540 | @import url('https://fonts.googleapis.com/css2?family=Corinthia:wght@400;700&display=swap');
       |        ^
  3541 | :root {
  3542 |   --background: #000000;
  3543 |   --surface: #111111;

@import rules must precede all rules aside from @charset and @layer statements

Generated code of PostCSS transform of file content of src/app/globals.css:
./src/app/globals.css:3540:8
  3538 |   }
  3539 | }
> 3540 | @import url('https://fonts.googleapis.com/css2?family=Corinthia:wght@400;700&display=swap');
       |        ^
  3541 | :root {
  3542 |   --background: #000000;
  3543 |   --surface: #111111;

Import trace:
  Client Component Browser:
    ./src/app/globals.css [Client Component Browser]
    ./src/app/layout.tsx [Server Component] @ http://localhost:3000/_next/static/chunks/node_modules_next_dist_1gdrd03._.js:1817
[    7254ms] [ERROR] ./src/app/globals.css:3540:8
Error: Parsing CSS source code failed
  3538 |   }
  3539 | }
> 3540 | @import url('https://fonts.googleapis.com/css2?family=Corinthia:wght@400;700&display=swap');
       |        ^
  3541 | :root {
  3542 |   --background: #000000;
  3543 |   --surface: #111111;

@import rules must precede all rules aside from @charset and @layer statements

Generated code of PostCSS transform of file content of src/app/globals.css:
./src/app/globals.css:3540:8
  3538 |   }
  3539 | }
> 3540 | @import url('https://fonts.googleapis.com/css2?family=Corinthia:wght@400;700&display=swap');
       |        ^
  3541 | :root {
  3542 |   --background: #000000;
  3543 |   --surface: #111111;

Import trace:
  Client Component Browser:
    ./src/app/globals.css [Client Component Browser]
    ./src/app/layout.tsx [Server Component] @ http://localhost:3000/_next/static/chunks/node_modules_next_dist_1gdrd03._.js:1817
[    7347ms] [ERROR] ./src/app/globals.css:3540:8
Error: Parsing CSS source code failed
  3538 |   }
  3539 | }
> 3540 | @import url('https://fonts.googleapis.com/css2?family=Corinthia:wght@400;700&display=swap');
       |        ^
  3541 | :root {
  3542 |   --background: #000000;
  3543 |   --surface: #111111;

@import rules must precede all rules aside from @charset and @layer statements

Generated code of PostCSS transform of file content of src/app/globals.css:
./src/app/globals.css:3540:8
  3538 |   }
  3539 | }
> 3540 | @import url('https://fonts.googleapis.com/css2?family=Corinthia:wght@400;700&display=swap');
       |        ^
  3541 | :root {
  3542 |   --background: #000000;
  3543 |   --surface: #111111;

Import trace:
  Client Component Browser:
    ./src/app/globals.css [Client Component Browser]
    ./src/app/layout.tsx [Server Component] @ http://localhost:3000/_next/static/chunks/node_modules_next_dist_1gdrd03._.js:1817
[    7404ms] [ERROR] ./src/app/globals.css:3540:8
Error: Parsing CSS source code failed
  3538 |   }
  3539 | }
> 3540 | @import url('https://fonts.googleapis.com/css2?family=Corinthia:wght@400;700&display=swap');
       |        ^
  3541 | :root {
  3542 |   --background: #000000;
  3543 |   --surface: #111111;

@import rules must precede all rules aside from @charset and @layer statements

Generated code of PostCSS transform of file content of src/app/globals.css:
./src/app/globals.css:3540:8
  3538 |   }
  3539 | }
> 3540 | @import url('https://fonts.googleapis.com/css2?family=Corinthia:wght@400;700&display=swap');
       |        ^
  3541 | :root {
  3542 |   --background: #000000;
  3543 |   --surface: #111111;

Import trace:
  Client Component Browser:
    ./src/app/globals.css [Client Component Browser]
    ./src/app/layout.tsx [Server Component] @ http://localhost:3000/_next/static/chunks/node_modules_next_dist_1gdrd03._.js:1817
[    7477ms] [ERROR] ./src/app/globals.css:3540:8
Error: Parsing CSS source code failed
  3538 |   }
  3539 | }
> 3540 | @import url('https://fonts.googleapis.com/css2?family=Corinthia:wght@400;700&display=swap');
       |        ^
  3541 | :root {
  3542 |   --background: #000000;
  3543 |   --surface: #111111;

@import rules must precede all rules aside from @charset and @layer statements

Generated code of PostCSS transform of file content of src/app/globals.css:
./src/app/globals.css:3540:8
  3538 |   }
  3539 | }
> 3540 | @import url('https://fonts.googleapis.com/css2?family=Corinthia:wght@400;700&display=swap');
       |        ^
  3541 | :root {
  3542 |   --background: #000000;
  3543 |   --surface: #111111;

Import trace:
  Client Component Browser:
    ./src/app/globals.css [Client Component Browser]
    ./src/app/layout.tsx [Server Component] @ http://localhost:3000/_next/static/chunks/node_modules_next_dist_1gdrd03._.js:1817
[    7539ms] [ERROR] ./src/app/globals.css:3540:8
Error: Parsing CSS source code failed
  3538 |   }
  3539 | }
> 3540 | @import url('https://fonts.googleapis.com/css2?family=Corinthia:wght@400;700&display=swap');
       |        ^
  3541 | :root {
  3542 |   --background: #000000;
  3543 |   --surface: #111111;

@import rules must precede all rules aside from @charset and @layer statements

Generated code of PostCSS transform of file content of src/app/globals.css:
./src/app/globals.css:3540:8
  3538 |   }
  3539 | }
> 3540 | @import url('https://fonts.googleapis.com/css2?family=Corinthia:wght@400;700&display=swap');
       |        ^
  3541 | :root {
  3542 |   --background: #000000;
  3543 |   --surface: #111111;

Import trace:
  Client Component Browser:
    ./src/app/globals.css [Client Component Browser]
    ./src/app/layout.tsx [Server Component] @ http://localhost:3000/_next/static/chunks/node_modules_next_dist_1gdrd03._.js:1817
[    7601ms] [ERROR] ./src/app/globals.css:3540:8
Error: Parsing CSS source code failed
  3538 |   }
  3539 | }
> 3540 | @import url('https://fonts.googleapis.com/css2?family=Corinthia:wght@400;700&display=swap');
       |        ^
  3541 | :root {
  3542 |   --background: #000000;
  3543 |   --surface: #111111;

@import rules must precede all rules aside from @charset and @layer statements

Generated code of PostCSS transform of file content of src/app/globals.css:
./src/app/globals.css:3540:8
  3538 |   }
  3539 | }
> 3540 | @import url('https://fonts.googleapis.com/css2?family=Corinthia:wght@400;700&display=swap');
       |        ^
  3541 | :root {
  3542 |   --background: #000000;
  3543 |   --surface: #111111;

Import trace:
  Client Component Browser:
    ./src/app/globals.css [Client Component Browser]
    ./src/app/layout.tsx [Server Component] @ http://localhost:3000/_next/static/chunks/node_modules_next_dist_1gdrd03._.js:1817
[    7661ms] [ERROR] ./src/app/globals.css:3540:8
Error: Parsing CSS source code failed
  3538 |   }
  3539 | }
> 3540 | @import url('https://fonts.googleapis.com/css2?family=Corinthia:wght@400;700&display=swap');
       |        ^
  3541 | :root {
  3542 |   --background: #000000;
  3543 |   --surface: #111111;

@import rules must precede all rules aside from @charset and @layer statements

Generated code of PostCSS transform of file content of src/app/globals.css:
./src/app/globals.css:3540:8
  3538 |   }
  3539 | }
> 3540 | @import url('https://fonts.googleapis.com/css2?family=Corinthia:wght@400;700&display=swap');
       |        ^
  3541 | :root {
  3542 |   --background: #000000;
  3543 |   --surface: #111111;

Import trace:
  Client Component Browser:
    ./src/app/globals.css [Client Component Browser]
    ./src/app/layout.tsx [Server Component] @ http://localhost:3000/_next/static/chunks/node_modules_next_dist_1gdrd03._.js:1817
[    7732ms] [ERROR] ./src/app/globals.css:3540:8
Error: Parsing CSS source code failed
  3538 |   }
  3539 | }
> 3540 | @import url('https://fonts.googleapis.com/css2?family=Corinthia:wght@400;700&display=swap');
       |        ^
  3541 | :root {
  3542 |   --background: #000000;
  3543 |   --surface: #111111;

@import rules must precede all rules aside from @charset and @layer statements

Generated code of PostCSS transform of file content of src/app/globals.css:
./src/app/globals.css:3540:8
  3538 |   }
  3539 | }
> 3540 | @import url('https://fonts.googleapis.com/css2?family=Corinthia:wght@400;700&display=swap');
       |        ^
  3541 | :root {
  3542 |   --background: #000000;
  3543 |   --surface: #111111;

Import trace:
  Client Component Browser:
    ./src/app/globals.css [Client Component Browser]
    ./src/app/layout.tsx [Server Component] @ http://localhost:3000/_next/static/chunks/node_modules_next_dist_1gdrd03._.js:1817
[    7792ms] [ERROR] ./src/app/globals.css:3540:8
Error: Parsing CSS source code failed
  3538 |   }
  3539 | }
> 3540 | @import url('https://fonts.googleapis.com/css2?family=Corinthia:wght@400;700&display=swap');
       |        ^
  3541 | :root {
  3542 |   --background: #000000;
  3543 |   --surface: #111111;

@import rules must precede all rules aside from @charset and @layer statements

Generated code of PostCSS transform of file content of src/app/globals.css:
./src/app/globals.css:3540:8
  3538 |   }
  3539 | }
> 3540 | @import url('https://fonts.googleapis.com/css2?family=Corinthia:wght@400;700&display=swap');
       |        ^
  3541 | :root {
  3542 |   --background: #000000;
  3543 |   --surface: #111111;

Import trace:
  Client Component Browser:
    ./src/app/globals.css [Client Component Browser]
    ./src/app/layout.tsx [Server Component] @ http://localhost:3000/_next/static/chunks/node_modules_next_dist_1gdrd03._.js:1817
[    7855ms] [ERROR] ./src/app/globals.css:3540:8
Error: Parsing CSS source code failed
  3538 |   }
  3539 | }
> 3540 | @import url('https://fonts.googleapis.com/css2?family=Corinthia:wght@400;700&display=swap');
       |        ^
  3541 | :root {
  3542 |   --background: #000000;
  3543 |   --surface: #111111;

@import rules must precede all rules aside from @charset and @layer statements

Generated code of PostCSS transform of file content of src/app/globals.css:
./src/app/globals.css:3540:8
  3538 |   }
  3539 | }
> 3540 | @import url('https://fonts.googleapis.com/css2?family=Corinthia:wght@400;700&display=swap');
       |        ^
  3541 | :root {
  3542 |   --background: #000000;
  3543 |   --surface: #111111;

Import trace:
  Client Component Browser:
    ./src/app/globals.css [Client Component Browser]
    ./src/app/layout.tsx [Server Component] @ http://localhost:3000/_next/static/chunks/node_modules_next_dist_1gdrd03._.js:1817
[    7907ms] [ERROR] ./src/app/globals.css:3540:8
Error: Parsing CSS source code failed
  3538 |   }
  3539 | }
> 3540 | @import url('https://fonts.googleapis.com/css2?family=Corinthia:wght@400;700&display=swap');
       |        ^
  3541 | :root {
  3542 |   --background: #000000;
  3543 |   --surface: #111111;

@import rules must precede all rules aside from @charset and @layer statements

Generated code of PostCSS transform of file content of src/app/globals.css:
./src/app/globals.css:3540:8
  3538 |   }
  3539 | }
> 3540 | @import url('https://fonts.googleapis.com/css2?family=Corinthia:wght@400;700&display=swap');
       |        ^
  3541 | :root {
  3542 |   --background: #000000;
  3543 |   --surface: #111111;

Import trace:
  Client Component Browser:
    ./src/app/globals.css [Client Component Browser]
    ./src/app/layout.tsx [Server Component] @ http://localhost:3000/_next/static/chunks/node_modules_next_dist_1gdrd03._.js:1817
[    7969ms] [ERROR] ./src/app/globals.css:3540:8
Error: Parsing CSS source code failed
  3538 |   }
  3539 | }
> 3540 | @import url('https://fonts.googleapis.com/css2?family=Corinthia:wght@400;700&display=swap');
       |        ^
  3541 | :root {
  3542 |   --background: #000000;
  3543 |   --surface: #111111;

@import rules must precede all rules aside from @charset and @layer statements

Generated code of PostCSS transform of file content of src/app/globals.css:
./src/app/globals.css:3540:8
  3538 |   }
  3539 | }
> 3540 | @import url('https://fonts.googleapis.com/css2?family=Corinthia:wght@400;700&display=swap');
       |        ^
  3541 | :root {
  3542 |   --background: #000000;
  3543 |   --surface: #111111;

Import trace:
  Client Component Browser:
    ./src/app/globals.css [Client Component Browser]
    ./src/app/layout.tsx [Server Component] @ http://localhost:3000/_next/static/chunks/node_modules_next_dist_1gdrd03._.js:1817
[    8025ms] [ERROR] ./src/app/globals.css:3540:8
Error: Parsing CSS source code failed
  3538 |   }
  3539 | }
> 3540 | @import url('https://fonts.googleapis.com/css2?family=Corinthia:wght@400;700&display=swap');
       |        ^
  3541 | :root {
  3542 |   --background: #000000;
  3543 |   --surface: #111111;

@import rules must precede all rules aside from @charset and @layer statements

Generated code of PostCSS transform of file content of src/app/globals.css:
./src/app/globals.css:3540:8
  3538 |   }
  3539 | }
> 3540 | @import url('https://fonts.googleapis.com/css2?family=Corinthia:wght@400;700&display=swap');
       |        ^
  3541 | :root {
  3542 |   --background: #000000;
  3543 |   --surface: #111111;

Import trace:
  Client Component Browser:
    ./src/app/globals.css [Client Component Browser]
    ./src/app/layout.tsx [Server Component] @ http://localhost:3000/_next/static/chunks/node_modules_next_dist_1gdrd03._.js:1817
[    8093ms] [ERROR] ./src/app/globals.css:3540:8
Error: Parsing CSS source code failed
  3538 |   }
  3539 | }
> 3540 | @import url('https://fonts.googleapis.com/css2?family=Corinthia:wght@400;700&display=swap');
       |        ^
  3541 | :root {
  3542 |   --background: #000000;
  3543 |   --surface: #111111;

@import rules must precede all rules aside from @charset and @layer statements

Generated code of PostCSS transform of file content of src/app/globals.css:
./src/app/globals.css:3540:8
  3538 |   }
  3539 | }
> 3540 | @import url('https://fonts.googleapis.com/css2?family=Corinthia:wght@400;700&display=swap');
       |        ^
  3541 | :root {
  3542 |   --background: #000000;
  3543 |   --surface: #111111;

Import trace:
  Client Component Browser:
    ./src/app/globals.css [Client Component Browser]
    ./src/app/layout.tsx [Server Component] @ http://localhost:3000/_next/static/chunks/node_modules_next_dist_1gdrd03._.js:1817
[    8195ms] [ERROR] ./src/app/globals.css:3540:8
Error: Parsing CSS source code failed
  3538 |   }
  3539 | }
> 3540 | @import url('https://fonts.googleapis.com/css2?family=Corinthia:wght@400;700&display=swap');
       |        ^
  3541 | :root {
  3542 |   --background: #000000;
  3543 |   --surface: #111111;

@import rules must precede all rules aside from @charset and @layer statements

Generated code of PostCSS transform of file content of src/app/globals.css:
./src/app/globals.css:3540:8
  3538 |   }
  3539 | }
> 3540 | @import url('https://fonts.googleapis.com/css2?family=Corinthia:wght@400;700&display=swap');
       |        ^
  3541 | :root {
  3542 |   --background: #000000;
  3543 |   --surface: #111111;

Import trace:
  Client Component Browser:
    ./src/app/globals.css [Client Component Browser]
    ./src/app/layout.tsx [Server Component] @ http://localhost:3000/_next/static/chunks/node_modules_next_dist_1gdrd03._.js:1817
[    8266ms] [ERROR] ./src/app/globals.css:3540:8
Error: Parsing CSS source code failed
  3538 |   }
  3539 | }
> 3540 | @import url('https://fonts.googleapis.com/css2?family=Corinthia:wght@400;700&display=swap');
       |        ^
  3541 | :root {
  3542 |   --background: #000000;
  3543 |   --surface: #111111;

@import rules must precede all rules aside from @charset and @layer statements

Generated code of PostCSS transform of file content of src/app/globals.css:
./src/app/globals.css:3540:8
  3538 |   }
  3539 | }
> 3540 | @import url('https://fonts.googleapis.com/css2?family=Corinthia:wght@400;700&display=swap');
       |        ^
  3541 | :root {
  3542 |   --background: #000000;
  3543 |   --surface: #111111;

Import trace:
  Client Component Browser:
    ./src/app/globals.css [Client Component Browser]
    ./src/app/layout.tsx [Server Component] @ http://localhost:3000/_next/static/chunks/node_modules_next_dist_1gdrd03._.js:1817
[    8328ms] [ERROR] ./src/app/globals.css:3540:8
Error: Parsing CSS source code failed
  3538 |   }
  3539 | }
> 3540 | @import url('https://fonts.googleapis.com/css2?family=Corinthia:wght@400;700&display=swap');
       |        ^
  3541 | :root {
  3542 |   --background: #000000;
  3543 |   --surface: #111111;

@import rules must precede all rules aside from @charset and @layer statements

Generated code of PostCSS transform of file content of src/app/globals.css:
./src/app/globals.css:3540:8
  3538 |   }
  3539 | }
> 3540 | @import url('https://fonts.googleapis.com/css2?family=Corinthia:wght@400;700&display=swap');
       |        ^
  3541 | :root {
  3542 |   --background: #000000;
  3543 |   --surface: #111111;

Import trace:
  Client Component Browser:
    ./src/app/globals.css [Client Component Browser]
    ./src/app/layout.tsx [Server Component] @ http://localhost:3000/_next/static/chunks/node_modules_next_dist_1gdrd03._.js:1817
[    8406ms] [ERROR] ./src/app/globals.css:3540:8
Error: Parsing CSS source code failed
  3538 |   }
  3539 | }
> 3540 | @import url('https://fonts.googleapis.com/css2?family=Corinthia:wght@400;700&display=swap');
       |        ^
  3541 | :root {
  3542 |   --background: #000000;
  3543 |   --surface: #111111;

@import rules must precede all rules aside from @charset and @layer statements

Generated code of PostCSS transform of file content of src/app/globals.css:
./src/app/globals.css:3540:8
  3538 |   }
  3539 | }
> 3540 | @import url('https://fonts.googleapis.com/css2?family=Corinthia:wght@400;700&display=swap');
       |        ^
  3541 | :root {
  3542 |   --background: #000000;
  3543 |   --surface: #111111;

Import trace:
  Client Component Browser:
    ./src/app/globals.css [Client Component Browser]
    ./src/app/layout.tsx [Server Component] @ http://localhost:3000/_next/static/chunks/node_modules_next_dist_1gdrd03._.js:1817
[    8470ms] [ERROR] ./src/app/globals.css:3540:8
Error: Parsing CSS source code failed
  3538 |   }
  3539 | }
> 3540 | @import url('https://fonts.googleapis.com/css2?family=Corinthia:wght@400;700&display=swap');
       |        ^
  3541 | :root {
  3542 |   --background: #000000;
  3543 |   --surface: #111111;

@import rules must precede all rules aside from @charset and @layer statements

Generated code of PostCSS transform of file content of src/app/globals.css:
./src/app/globals.css:3540:8
  3538 |   }
  3539 | }
> 3540 | @import url('https://fonts.googleapis.com/css2?family=Corinthia:wght@400;700&display=swap');
       |        ^
  3541 | :root {
  3542 |   --background: #000000;
  3543 |   --surface: #111111;

Import trace:
  Client Component Browser:
    ./src/app/globals.css [Client Component Browser]
    ./src/app/layout.tsx [Server Component] @ http://localhost:3000/_next/static/chunks/node_modules_next_dist_1gdrd03._.js:1817
[    8525ms] [ERROR] ./src/app/globals.css:3540:8
Error: Parsing CSS source code failed
  3538 |   }
  3539 | }
> 3540 | @import url('https://fonts.googleapis.com/css2?family=Corinthia:wght@400;700&display=swap');
       |        ^
  3541 | :root {
  3542 |   --background: #000000;
  3543 |   --surface: #111111;

@import rules must precede all rules aside from @charset and @layer statements

Generated code of PostCSS transform of file content of src/app/globals.css:
./src/app/globals.css:3540:8
  3538 |   }
  3539 | }
> 3540 | @import url('https://fonts.googleapis.com/css2?family=Corinthia:wght@400;700&display=swap');
       |        ^
  3541 | :root {
  3542 |   --background: #000000;
  3543 |   --surface: #111111;

Import trace:
  Client Component Browser:
    ./src/app/globals.css [Client Component Browser]
    ./src/app/layout.tsx [Server Component] @ http://localhost:3000/_next/static/chunks/node_modules_next_dist_1gdrd03._.js:1817
[    8578ms] [ERROR] ./src/app/globals.css:3540:8
Error: Parsing CSS source code failed
  3538 |   }
  3539 | }
> 3540 | @import url('https://fonts.googleapis.com/css2?family=Corinthia:wght@400;700&display=swap');
       |        ^
  3541 | :root {
  3542 |   --background: #000000;
  3543 |   --surface: #111111;

@import rules must precede all rules aside from @charset and @layer statements

Generated code of PostCSS transform of file content of src/app/globals.css:
./src/app/globals.css:3540:8
  3538 |   }
  3539 | }
> 3540 | @import url('https://fonts.googleapis.com/css2?family=Corinthia:wght@400;700&display=swap');
       |        ^
  3541 | :root {
  3542 |   --background: #000000;
  3543 |   --surface: #111111;

Import trace:
  Client Component Browser:
    ./src/app/globals.css [Client Component Browser]
    ./src/app/layout.tsx [Server Component] @ http://localhost:3000/_next/static/chunks/node_modules_next_dist_1gdrd03._.js:1817
[    8626ms] [ERROR] ./src/app/globals.css:3540:8
Error: Parsing CSS source code failed
  3538 |   }
  3539 | }
> 3540 | @import url('https://fonts.googleapis.com/css2?family=Corinthia:wght@400;700&display=swap');
       |        ^
  3541 | :root {
  3542 |   --background: #000000;
  3543 |   --surface: #111111;

@import rules must precede all rules aside from @charset and @layer statements

Generated code of PostCSS transform of file content of src/app/globals.css:
./src/app/globals.css:3540:8
  3538 |   }
  3539 | }
> 3540 | @import url('https://fonts.googleapis.com/css2?family=Corinthia:wght@400;700&display=swap');
       |        ^
  3541 | :root {
  3542 |   --background: #000000;
  3543 |   --surface: #111111;

Import trace:
  Client Component Browser:
    ./src/app/globals.css [Client Component Browser]
    ./src/app/layout.tsx [Server Component] @ http://localhost:3000/_next/static/chunks/node_modules_next_dist_1gdrd03._.js:1817
[    8696ms] [ERROR] ./src/app/globals.css:3540:8
Error: Parsing CSS source code failed
  3538 |   }
  3539 | }
> 3540 | @import url('https://fonts.googleapis.com/css2?family=Corinthia:wght@400;700&display=swap');
       |        ^
  3541 | :root {
  3542 |   --background: #000000;
  3543 |   --surface: #111111;

@import rules must precede all rules aside from @charset and @layer statements

Generated code of PostCSS transform of file content of src/app/globals.css:
./src/app/globals.css:3540:8
  3538 |   }
  3539 | }
> 3540 | @import url('https://fonts.googleapis.com/css2?family=Corinthia:wght@400;700&display=swap');
       |        ^
  3541 | :root {
  3542 |   --background: #000000;
  3543 |   --surface: #111111;

Import trace:
  Client Component Browser:
    ./src/app/globals.css [Client Component Browser]
    ./src/app/layout.tsx [Server Component] @ http://localhost:3000/_next/static/chunks/node_modules_next_dist_1gdrd03._.js:1817
[    8769ms] [ERROR] ./src/app/globals.css:3540:8
Error: Parsing CSS source code failed
  3538 |   }
  3539 | }
> 3540 | @import url('https://fonts.googleapis.com/css2?family=Corinthia:wght@400;700&display=swap');
       |        ^
  3541 | :root {
  3542 |   --background: #000000;
  3543 |   --surface: #111111;

@import rules must precede all rules aside from @charset and @layer statements

Generated code of PostCSS transform of file content of src/app/globals.css:
./src/app/globals.css:3540:8
  3538 |   }
  3539 | }
> 3540 | @import url('https://fonts.googleapis.com/css2?family=Corinthia:wght@400;700&display=swap');
       |        ^
  3541 | :root {
  3542 |   --background: #000000;
  3543 |   --surface: #111111;

Import trace:
  Client Component Browser:
    ./src/app/globals.css [Client Component Browser]
    ./src/app/layout.tsx [Server Component] @ http://localhost:3000/_next/static/chunks/node_modules_next_dist_1gdrd03._.js:1817
[    8858ms] [ERROR] ./src/app/globals.css:3540:8
Error: Parsing CSS source code failed
  3538 |   }
  3539 | }
> 3540 | @import url('https://fonts.googleapis.com/css2?family=Corinthia:wght@400;700&display=swap');
       |        ^
  3541 | :root {
  3542 |   --background: #000000;
  3543 |   --surface: #111111;

@import rules must precede all rules aside from @charset and @layer statements

Generated code of PostCSS transform of file content of src/app/globals.css:
./src/app/globals.css:3540:8
  3538 |   }
  3539 | }
> 3540 | @import url('https://fonts.googleapis.com/css2?family=Corinthia:wght@400;700&display=swap');
       |        ^
  3541 | :root {
  3542 |   --background: #000000;
  3543 |   --surface: #111111;

Import trace:
  Client Component Browser:
    ./src/app/globals.css [Client Component Browser]
    ./src/app/layout.tsx [Server Component] @ http://localhost:3000/_next/static/chunks/node_modules_next_dist_1gdrd03._.js:1817
[    8955ms] [ERROR] ./src/app/globals.css:3540:8
Error: Parsing CSS source code failed
  3538 |   }
  3539 | }
> 3540 | @import url('https://fonts.googleapis.com/css2?family=Corinthia:wght@400;700&display=swap');
       |        ^
  3541 | :root {
  3542 |   --background: #000000;
  3543 |   --surface: #111111;

@import rules must precede all rules aside from @charset and @layer statements

Generated code of PostCSS transform of file content of src/app/globals.css:
./src/app/globals.css:3540:8
  3538 |   }
  3539 | }
> 3540 | @import url('https://fonts.googleapis.com/css2?family=Corinthia:wght@400;700&display=swap');
       |        ^
  3541 | :root {
  3542 |   --background: #000000;
  3543 |   --surface: #111111;

Import trace:
  Client Component Browser:
    ./src/app/globals.css [Client Component Browser]
    ./src/app/layout.tsx [Server Component] @ http://localhost:3000/_next/static/chunks/node_modules_next_dist_1gdrd03._.js:1817
[    9033ms] [ERROR] ./src/app/globals.css:3540:8
Error: Parsing CSS source code failed
  3538 |   }
  3539 | }
> 3540 | @import url('https://fonts.googleapis.com/css2?family=Corinthia:wght@400;700&display=swap');
       |        ^
  3541 | :root {
  3542 |   --background: #000000;
  3543 |   --surface: #111111;

@import rules must precede all rules aside from @charset and @layer statements

Generated code of PostCSS transform of file content of src/app/globals.css:
./src/app/globals.css:3540:8
  3538 |   }
  3539 | }
> 3540 | @import url('https://fonts.googleapis.com/css2?family=Corinthia:wght@400;700&display=swap');
       |        ^
  3541 | :root {
  3542 |   --background: #000000;
  3543 |   --surface: #111111;

Import trace:
  Client Component Browser:
    ./src/app/globals.css [Client Component Browser]
    ./src/app/layout.tsx [Server Component] @ http://localhost:3000/_next/static/chunks/node_modules_next_dist_1gdrd03._.js:1817
[    9147ms] [ERROR] ./src/app/globals.css:3540:8
Error: Parsing CSS source code failed
  3538 |   }
  3539 | }
> 3540 | @import url('https://fonts.googleapis.com/css2?family=Corinthia:wght@400;700&display=swap');
       |        ^
  3541 | :root {
  3542 |   --background: #000000;
  3543 |   --surface: #111111;

@import rules must precede all rules aside from @charset and @layer statements

Generated code of PostCSS transform of file content of src/app/globals.css:
./src/app/globals.css:3540:8
  3538 |   }
  3539 | }
> 3540 | @import url('https://fonts.googleapis.com/css2?family=Corinthia:wght@400;700&display=swap');
       |        ^
  3541 | :root {
  3542 |   --background: #000000;
  3543 |   --surface: #111111;

Import trace:
  Client Component Browser:
    ./src/app/globals.css [Client Component Browser]
    ./src/app/layout.tsx [Server Component] @ http://localhost:3000/_next/static/chunks/node_modules_next_dist_1gdrd03._.js:1817
[    9203ms] [ERROR] ./src/app/globals.css:3540:8
Error: Parsing CSS source code failed
  3538 |   }
  3539 | }
> 3540 | @import url('https://fonts.googleapis.com/css2?family=Corinthia:wght@400;700&display=swap');
       |        ^
  3541 | :root {
  3542 |   --background: #000000;
  3543 |   --surface: #111111;

@import rules must precede all rules aside from @charset and @layer statements

Generated code of PostCSS transform of file content of src/app/globals.css:
./src/app/globals.css:3540:8
  3538 |   }
  3539 | }
> 3540 | @import url('https://fonts.googleapis.com/css2?family=Corinthia:wght@400;700&display=swap');
       |        ^
  3541 | :root {
  3542 |   --background: #000000;
  3543 |   --surface: #111111;

Import trace:
  Client Component Browser:
    ./src/app/globals.css [Client Component Browser]
    ./src/app/layout.tsx [Server Component] @ http://localhost:3000/_next/static/chunks/node_modules_next_dist_1gdrd03._.js:1817
[    9275ms] [ERROR] ./src/app/globals.css:3540:8
Error: Parsing CSS source code failed
  3538 |   }
  3539 | }
> 3540 | @import url('https://fonts.googleapis.com/css2?family=Corinthia:wght@400;700&display=swap');
       |        ^
  3541 | :root {
  3542 |   --background: #000000;
  3543 |   --surface: #111111;

@import rules must precede all rules aside from @charset and @layer statements

Generated code of PostCSS transform of file content of src/app/globals.css:
./src/app/globals.css:3540:8
  3538 |   }
  3539 | }
> 3540 | @import url('https://fonts.googleapis.com/css2?family=Corinthia:wght@400;700&display=swap');
       |        ^
  3541 | :root {
  3542 |   --background: #000000;
  3543 |   --surface: #111111;

Import trace:
  Client Component Browser:
    ./src/app/globals.css [Client Component Browser]
    ./src/app/layout.tsx [Server Component] @ http://localhost:3000/_next/static/chunks/node_modules_next_dist_1gdrd03._.js:1817
[    9343ms] [ERROR] ./src/app/globals.css:3540:8
Error: Parsing CSS source code failed
  3538 |   }
  3539 | }
> 3540 | @import url('https://fonts.googleapis.com/css2?family=Corinthia:wght@400;700&display=swap');
       |        ^
  3541 | :root {
  3542 |   --background: #000000;
  3543 |   --surface: #111111;

@import rules must precede all rules aside from @charset and @layer statements

Generated code of PostCSS transform of file content of src/app/globals.css:
./src/app/globals.css:3540:8
  3538 |   }
  3539 | }
> 3540 | @import url('https://fonts.googleapis.com/css2?family=Corinthia:wght@400;700&display=swap');
       |        ^
  3541 | :root {
  3542 |   --background: #000000;
  3543 |   --surface: #111111;

Import trace:
  Client Component Browser:
    ./src/app/globals.css [Client Component Browser]
    ./src/app/layout.tsx [Server Component] @ http://localhost:3000/_next/static/chunks/node_modules_next_dist_1gdrd03._.js:1817
[    9416ms] [ERROR] ./src/app/globals.css:3540:8
Error: Parsing CSS source code failed
  3538 |   }
  3539 | }
> 3540 | @import url('https://fonts.googleapis.com/css2?family=Corinthia:wght@400;700&display=swap');
       |        ^
  3541 | :root {
  3542 |   --background: #000000;
  3543 |   --surface: #111111;

@import rules must precede all rules aside from @charset and @layer statements

Generated code of PostCSS transform of file content of src/app/globals.css:
./src/app/globals.css:3540:8
  3538 |   }
  3539 | }
> 3540 | @import url('https://fonts.googleapis.com/css2?family=Corinthia:wght@400;700&display=swap');
       |        ^
  3541 | :root {
  3542 |   --background: #000000;
  3543 |   --surface: #111111;

Import trace:
  Client Component Browser:
    ./src/app/globals.css [Client Component Browser]
    ./src/app/layout.tsx [Server Component] @ http://localhost:3000/_next/static/chunks/node_modules_next_dist_1gdrd03._.js:1817
[    9473ms] [ERROR] ./src/app/globals.css:3540:8
Error: Parsing CSS source code failed
  3538 |   }
  3539 | }
> 3540 | @import url('https://fonts.googleapis.com/css2?family=Corinthia:wght@400;700&display=swap');
       |        ^
  3541 | :root {
  3542 |   --background: #000000;
  3543 |   --surface: #111111;

@import rules must precede all rules aside from @charset and @layer statements

Generated code of PostCSS transform of file content of src/app/globals.css:
./src/app/globals.css:3540:8
  3538 |   }
  3539 | }
> 3540 | @import url('https://fonts.googleapis.com/css2?family=Corinthia:wght@400;700&display=swap');
       |        ^
  3541 | :root {
  3542 |   --background: #000000;
  3543 |   --surface: #111111;

Import trace:
  Client Component Browser:
    ./src/app/globals.css [Client Component Browser]
    ./src/app/layout.tsx [Server Component] @ http://localhost:3000/_next/static/chunks/node_modules_next_dist_1gdrd03._.js:1817
[    9526ms] [ERROR] ./src/app/globals.css:3540:8
Error: Parsing CSS source code failed
  3538 |   }
  3539 | }
> 3540 | @import url('https://fonts.googleapis.com/css2?family=Corinthia:wght@400;700&display=swap');
       |        ^
  3541 | :root {
  3542 |   --background: #000000;
  3543 |   --surface: #111111;

@import rules must precede all rules aside from @charset and @layer statements

Generated code of PostCSS transform of file content of src/app/globals.css:
./src/app/globals.css:3540:8
  3538 |   }
  3539 | }
> 3540 | @import url('https://fonts.googleapis.com/css2?family=Corinthia:wght@400;700&display=swap');
       |        ^
  3541 | :root {
  3542 |   --background: #000000;
  3543 |   --surface: #111111;

Import trace:
  Client Component Browser:
    ./src/app/globals.css [Client Component Browser]
    ./src/app/layout.tsx [Server Component] @ http://localhost:3000/_next/static/chunks/node_modules_next_dist_1gdrd03._.js:1817
[    9580ms] [ERROR] ./src/app/globals.css:3540:8
Error: Parsing CSS source code failed
  3538 |   }
  3539 | }
> 3540 | @import url('https://fonts.googleapis.com/css2?family=Corinthia:wght@400;700&display=swap');
       |        ^
  3541 | :root {
  3542 |   --background: #000000;
  3543 |   --surface: #111111;

@import rules must precede all rules aside from @charset and @layer statements

Generated code of PostCSS transform of file content of src/app/globals.css:
./src/app/globals.css:3540:8
  3538 |   }
  3539 | }
> 3540 | @import url('https://fonts.googleapis.com/css2?family=Corinthia:wght@400;700&display=swap');
       |        ^
  3541 | :root {
  3542 |   --background: #000000;
  3543 |   --surface: #111111;

Import trace:
  Client Component Browser:
    ./src/app/globals.css [Client Component Browser]
    ./src/app/layout.tsx [Server Component] @ http://localhost:3000/_next/static/chunks/node_modules_next_dist_1gdrd03._.js:1817
[    9649ms] [ERROR] ./src/app/globals.css:3540:8
Error: Parsing CSS source code failed
  3538 |   }
  3539 | }
> 3540 | @import url('https://fonts.googleapis.com/css2?family=Corinthia:wght@400;700&display=swap');
       |        ^
  3541 | :root {
  3542 |   --background: #000000;
  3543 |   --surface: #111111;

@import rules must precede all rules aside from @charset and @layer statements

Generated code of PostCSS transform of file content of src/app/globals.css:
./src/app/globals.css:3540:8
  3538 |   }
  3539 | }
> 3540 | @import url('https://fonts.googleapis.com/css2?family=Corinthia:wght@400;700&display=swap');
       |        ^
  3541 | :root {
  3542 |   --background: #000000;
  3543 |   --surface: #111111;

Import trace:
  Client Component Browser:
    ./src/app/globals.css [Client Component Browser]
    ./src/app/layout.tsx [Server Component] @ http://localhost:3000/_next/static/chunks/node_modules_next_dist_1gdrd03._.js:1817
[    9713ms] [ERROR] ./src/app/globals.css:3540:8
Error: Parsing CSS source code failed
  3538 |   }
  3539 | }
> 3540 | @import url('https://fonts.googleapis.com/css2?family=Corinthia:wght@400;700&display=swap');
       |        ^
  3541 | :root {
  3542 |   --background: #000000;
  3543 |   --surface: #111111;

@import rules must precede all rules aside from @charset and @layer statements

Generated code of PostCSS transform of file content of src/app/globals.css:
./src/app/globals.css:3540:8
  3538 |   }
  3539 | }
> 3540 | @import url('https://fonts.googleapis.com/css2?family=Corinthia:wght@400;700&display=swap');
       |        ^
  3541 | :root {
  3542 |   --background: #000000;
  3543 |   --surface: #111111;

Import trace:
  Client Component Browser:
    ./src/app/globals.css [Client Component Browser]
    ./src/app/layout.tsx [Server Component] @ http://localhost:3000/_next/static/chunks/node_modules_next_dist_1gdrd03._.js:1817
[    9765ms] [ERROR] ./src/app/globals.css:3540:8
Error: Parsing CSS source code failed
  3538 |   }
  3539 | }
> 3540 | @import url('https://fonts.googleapis.com/css2?family=Corinthia:wght@400;700&display=swap');
       |        ^
  3541 | :root {
  3542 |   --background: #000000;
  3543 |   --surface: #111111;

@import rules must precede all rules aside from @charset and @layer statements

Generated code of PostCSS transform of file content of src/app/globals.css:
./src/app/globals.css:3540:8
  3538 |   }
  3539 | }
> 3540 | @import url('https://fonts.googleapis.com/css2?family=Corinthia:wght@400;700&display=swap');
       |        ^
  3541 | :root {
  3542 |   --background: #000000;
  3543 |   --surface: #111111;

Import trace:
  Client Component Browser:
    ./src/app/globals.css [Client Component Browser]
    ./src/app/layout.tsx [Server Component] @ http://localhost:3000/_next/static/chunks/node_modules_next_dist_1gdrd03._.js:1817
[    9828ms] [ERROR] ./src/app/globals.css:3540:8
Error: Parsing CSS source code failed
  3538 |   }
  3539 | }
> 3540 | @import url('https://fonts.googleapis.com/css2?family=Corinthia:wght@400;700&display=swap');
       |        ^
  3541 | :root {
  3542 |   --background: #000000;
  3543 |   --surface: #111111;

@import rules must precede all rules aside from @charset and @layer statements

Generated code of PostCSS transform of file content of src/app/globals.css:
./src/app/globals.css:3540:8
  3538 |   }
  3539 | }
> 3540 | @import url('https://fonts.googleapis.com/css2?family=Corinthia:wght@400;700&display=swap');
       |        ^
  3541 | :root {
  3542 |   --background: #000000;
  3543 |   --surface: #111111;

Import trace:
  Client Component Browser:
    ./src/app/globals.css [Client Component Browser]
    ./src/app/layout.tsx [Server Component] @ http://localhost:3000/_next/static/chunks/node_modules_next_dist_1gdrd03._.js:1817
[    9876ms] [ERROR] ./src/app/globals.css:3540:8
Error: Parsing CSS source code failed
  3538 |   }
  3539 | }
> 3540 | @import url('https://fonts.googleapis.com/css2?family=Corinthia:wght@400;700&display=swap');
       |        ^
  3541 | :root {
  3542 |   --background: #000000;
  3543 |   --surface: #111111;

@import rules must precede all rules aside from @charset and @layer statements

Generated code of PostCSS transform of file content of src/app/globals.css:
./src/app/globals.css:3540:8
  3538 |   }
  3539 | }
> 3540 | @import url('https://fonts.googleapis.com/css2?family=Corinthia:wght@400;700&display=swap');
       |        ^
  3541 | :root {
  3542 |   --background: #000000;
  3543 |   --surface: #111111;

Import trace:
  Client Component Browser:
    ./src/app/globals.css [Client Component Browser]
    ./src/app/layout.tsx [Server Component] @ http://localhost:3000/_next/static/chunks/node_modules_next_dist_1gdrd03._.js:1817
[    9931ms] [ERROR] ./src/app/globals.css:3540:8
Error: Parsing CSS source code failed
  3538 |   }
  3539 | }
> 3540 | @import url('https://fonts.googleapis.com/css2?family=Corinthia:wght@400;700&display=swap');
       |        ^
  3541 | :root {
  3542 |   --background: #000000;
  3543 |   --surface: #111111;

@import rules must precede all rules aside from @charset and @layer statements

Generated code of PostCSS transform of file content of src/app/globals.css:
./src/app/globals.css:3540:8
  3538 |   }
  3539 | }
> 3540 | @import url('https://fonts.googleapis.com/css2?family=Corinthia:wght@400;700&display=swap');
       |        ^
  3541 | :root {
  3542 |   --background: #000000;
  3543 |   --surface: #111111;

Import trace:
  Client Component Browser:
    ./src/app/globals.css [Client Component Browser]
    ./src/app/layout.tsx [Server Component] @ http://localhost:3000/_next/static/chunks/node_modules_next_dist_1gdrd03._.js:1817
[   10020ms] [ERROR] ./src/app/globals.css:3540:8
Error: Parsing CSS source code failed
  3538 |   }
  3539 | }
> 3540 | @import url('https://fonts.googleapis.com/css2?family=Corinthia:wght@400;700&display=swap');
       |        ^
  3541 | :root {
  3542 |   --background: #000000;
  3543 |   --surface: #111111;

@import rules must precede all rules aside from @charset and @layer statements

Generated code of PostCSS transform of file content of src/app/globals.css:
./src/app/globals.css:3540:8
  3538 |   }
  3539 | }
> 3540 | @import url('https://fonts.googleapis.com/css2?family=Corinthia:wght@400;700&display=swap');
       |        ^
  3541 | :root {
  3542 |   --background: #000000;
  3543 |   --surface: #111111;

Import trace:
  Client Component Browser:
    ./src/app/globals.css [Client Component Browser]
    ./src/app/layout.tsx [Server Component] @ http://localhost:3000/_next/static/chunks/node_modules_next_dist_1gdrd03._.js:1817
[   10093ms] [ERROR] ./src/app/globals.css:3540:8
Error: Parsing CSS source code failed
  3538 |   }
  3539 | }
> 3540 | @import url('https://fonts.googleapis.com/css2?family=Corinthia:wght@400;700&display=swap');
       |        ^
  3541 | :root {
  3542 |   --background: #000000;
  3543 |   --surface: #111111;

@import rules must precede all rules aside from @charset and @layer statements

Generated code of PostCSS transform of file content of src/app/globals.css:
./src/app/globals.css:3540:8
  3538 |   }
  3539 | }
> 3540 | @import url('https://fonts.googleapis.com/css2?family=Corinthia:wght@400;700&display=swap');
       |        ^
  3541 | :root {
  3542 |   --background: #000000;
  3543 |   --surface: #111111;

Import trace:
  Client Component Browser:
    ./src/app/globals.css [Client Component Browser]
    ./src/app/layout.tsx [Server Component] @ http://localhost:3000/_next/static/chunks/node_modules_next_dist_1gdrd03._.js:1817
[   10173ms] [ERROR] ./src/app/globals.css:3540:8
Error: Parsing CSS source code failed
  3538 |   }
  3539 | }
> 3540 | @import url('https://fonts.googleapis.com/css2?family=Corinthia:wght@400;700&display=swap');
       |        ^
  3541 | :root {
  3542 |   --background: #000000;
  3543 |   --surface: #111111;

@import rules must precede all rules aside from @charset and @layer statements

Generated code of PostCSS transform of file content of src/app/globals.css:
./src/app/globals.css:3540:8
  3538 |   }
  3539 | }
> 3540 | @import url('https://fonts.googleapis.com/css2?family=Corinthia:wght@400;700&display=swap');
       |        ^
  3541 | :root {
  3542 |   --background: #000000;
  3543 |   --surface: #111111;

Import trace:
  Client Component Browser:
    ./src/app/globals.css [Client Component Browser]
    ./src/app/layout.tsx [Server Component] @ http://localhost:3000/_next/static/chunks/node_modules_next_dist_1gdrd03._.js:1817
[   10239ms] [ERROR] ./src/app/globals.css:3540:8
Error: Parsing CSS source code failed
  3538 |   }
  3539 | }
> 3540 | @import url('https://fonts.googleapis.com/css2?family=Corinthia:wght@400;700&display=swap');
       |        ^
  3541 | :root {
  3542 |   --background: #000000;
  3543 |   --surface: #111111;

@import rules must precede all rules aside from @charset and @layer statements

Generated code of PostCSS transform of file content of src/app/globals.css:
./src/app/globals.css:3540:8
  3538 |   }
  3539 | }
> 3540 | @import url('https://fonts.googleapis.com/css2?family=Corinthia:wght@400;700&display=swap');
       |        ^
  3541 | :root {
  3542 |   --background: #000000;
  3543 |   --surface: #111111;

Import trace:
  Client Component Browser:
    ./src/app/globals.css [Client Component Browser]
    ./src/app/layout.tsx [Server Component] @ http://localhost:3000/_next/static/chunks/node_modules_next_dist_1gdrd03._.js:1817
[   10316ms] [ERROR] ./src/app/globals.css:3540:8
Error: Parsing CSS source code failed
  3538 |   }
  3539 | }
> 3540 | @import url('https://fonts.googleapis.com/css2?family=Corinthia:wght@400;700&display=swap');
       |        ^
  3541 | :root {
  3542 |   --background: #000000;
  3543 |   --surface: #111111;

@import rules must precede all rules aside from @charset and @layer statements

Generated code of PostCSS transform of file content of src/app/globals.css:
./src/app/globals.css:3540:8
  3538 |   }
  3539 | }
> 3540 | @import url('https://fonts.googleapis.com/css2?family=Corinthia:wght@400;700&display=swap');
       |        ^
  3541 | :root {
  3542 |   --background: #000000;
  3543 |   --surface: #111111;

Import trace:
  Client Component Browser:
    ./src/app/globals.css [Client Component Browser]
    ./src/app/layout.tsx [Server Component] @ http://localhost:3000/_next/static/chunks/node_modules_next_dist_1gdrd03._.js:1817
[   10384ms] [ERROR] ./src/app/globals.css:3540:8
Error: Parsing CSS source code failed
  3538 |   }
  3539 | }
> 3540 | @import url('https://fonts.googleapis.com/css2?family=Corinthia:wght@400;700&display=swap');
       |        ^
  3541 | :root {
  3542 |   --background: #000000;
  3543 |   --surface: #111111;

@import rules must precede all rules aside from @charset and @layer statements

Generated code of PostCSS transform of file content of src/app/globals.css:
./src/app/globals.css:3540:8
  3538 |   }
  3539 | }
> 3540 | @import url('https://fonts.googleapis.com/css2?family=Corinthia:wght@400;700&display=swap');
       |        ^
  3541 | :root {
  3542 |   --background: #000000;
  3543 |   --surface: #111111;

Import trace:
  Client Component Browser:
    ./src/app/globals.css [Client Component Browser]
    ./src/app/layout.tsx [Server Component] @ http://localhost:3000/_next/static/chunks/node_modules_next_dist_1gdrd03._.js:1817
[   10462ms] [ERROR] ./src/app/globals.css:3540:8
Error: Parsing CSS source code failed
  3538 |   }
  3539 | }
> 3540 | @import url('https://fonts.googleapis.com/css2?family=Corinthia:wght@400;700&display=swap');
       |        ^
  3541 | :root {
  3542 |   --background: #000000;
  3543 |   --surface: #111111;

@import rules must precede all rules aside from @charset and @layer statements

Generated code of PostCSS transform of file content of src/app/globals.css:
./src/app/globals.css:3540:8
  3538 |   }
  3539 | }
> 3540 | @import url('https://fonts.googleapis.com/css2?family=Corinthia:wght@400;700&display=swap');
       |        ^
  3541 | :root {
  3542 |   --background: #000000;
  3543 |   --surface: #111111;

Import trace:
  Client Component Browser:
    ./src/app/globals.css [Client Component Browser]
    ./src/app/layout.tsx [Server Component] @ http://localhost:3000/_next/static/chunks/node_modules_next_dist_1gdrd03._.js:1817
[   10529ms] [ERROR] ./src/app/globals.css:3540:8
Error: Parsing CSS source code failed
  3538 |   }
  3539 | }
> 3540 | @import url('https://fonts.googleapis.com/css2?family=Corinthia:wght@400;700&display=swap');
       |        ^
  3541 | :root {
  3542 |   --background: #000000;
  3543 |   --surface: #111111;

@import rules must precede all rules aside from @charset and @layer statements

Generated code of PostCSS transform of file content of src/app/globals.css:
./src/app/globals.css:3540:8
  3538 |   }
  3539 | }
> 3540 | @import url('https://fonts.googleapis.com/css2?family=Corinthia:wght@400;700&display=swap');
       |        ^
  3541 | :root {
  3542 |   --background: #000000;
  3543 |   --surface: #111111;

Import trace:
  Client Component Browser:
    ./src/app/globals.css [Client Component Browser]
    ./src/app/layout.tsx [Server Component] @ http://localhost:3000/_next/static/chunks/node_modules_next_dist_1gdrd03._.js:1817
[   10598ms] [ERROR] ./src/app/globals.css:3540:8
Error: Parsing CSS source code failed
  3538 |   }
  3539 | }
> 3540 | @import url('https://fonts.googleapis.com/css2?family=Corinthia:wght@400;700&display=swap');
       |        ^
  3541 | :root {
  3542 |   --background: #000000;
  3543 |   --surface: #111111;

@import rules must precede all rules aside from @charset and @layer statements

Generated code of PostCSS transform of file content of src/app/globals.css:
./src/app/globals.css:3540:8
  3538 |   }
  3539 | }
> 3540 | @import url('https://fonts.googleapis.com/css2?family=Corinthia:wght@400;700&display=swap');
       |        ^
  3541 | :root {
  3542 |   --background: #000000;
  3543 |   --surface: #111111;

Import trace:
  Client Component Browser:
    ./src/app/globals.css [Client Component Browser]
    ./src/app/layout.tsx [Server Component] @ http://localhost:3000/_next/static/chunks/node_modules_next_dist_1gdrd03._.js:1817
[   10655ms] [ERROR] ./src/app/globals.css:3540:8
Error: Parsing CSS source code failed
  3538 |   }
  3539 | }
> 3540 | @import url('https://fonts.googleapis.com/css2?family=Corinthia:wght@400;700&display=swap');
       |        ^
  3541 | :root {
  3542 |   --background: #000000;
  3543 |   --surface: #111111;

@import rules must precede all rules aside from @charset and @layer statements

Generated code of PostCSS transform of file content of src/app/globals.css:
./src/app/globals.css:3540:8
  3538 |   }
  3539 | }
> 3540 | @import url('https://fonts.googleapis.com/css2?family=Corinthia:wght@400;700&display=swap');
       |        ^
  3541 | :root {
  3542 |   --background: #000000;
  3543 |   --surface: #111111;

Import trace:
  Client Component Browser:
    ./src/app/globals.css [Client Component Browser]
    ./src/app/layout.tsx [Server Component] @ http://localhost:3000/_next/static/chunks/node_modules_next_dist_1gdrd03._.js:1817
[   10741ms] [ERROR] ./src/app/globals.css:3540:8
Error: Parsing CSS source code failed
  3538 |   }
  3539 | }
> 3540 | @import url('https://fonts.googleapis.com/css2?family=Corinthia:wght@400;700&display=swap');
       |        ^
  3541 | :root {
  3542 |   --background: #000000;
  3543 |   --surface: #111111;

@import rules must precede all rules aside from @charset and @layer statements

Generated code of PostCSS transform of file content of src/app/globals.css:
./src/app/globals.css:3540:8
  3538 |   }
  3539 | }
> 3540 | @import url('https://fonts.googleapis.com/css2?family=Corinthia:wght@400;700&display=swap');
       |        ^
  3541 | :root {
  3542 |   --background: #000000;
  3543 |   --surface: #111111;

Import trace:
  Client Component Browser:
    ./src/app/globals.css [Client Component Browser]
    ./src/app/layout.tsx [Server Component] @ http://localhost:3000/_next/static/chunks/node_modules_next_dist_1gdrd03._.js:1817
[   10801ms] [ERROR] ./src/app/globals.css:3540:8
Error: Parsing CSS source code failed
  3538 |   }
  3539 | }
> 3540 | @import url('https://fonts.googleapis.com/css2?family=Corinthia:wght@400;700&display=swap');
       |        ^
  3541 | :root {
  3542 |   --background: #000000;
  3543 |   --surface: #111111;

@import rules must precede all rules aside from @charset and @layer statements

Generated code of PostCSS transform of file content of src/app/globals.css:
./src/app/globals.css:3540:8
  3538 |   }
  3539 | }
> 3540 | @import url('https://fonts.googleapis.com/css2?family=Corinthia:wght@400;700&display=swap');
       |        ^
  3541 | :root {
  3542 |   --background: #000000;
  3543 |   --surface: #111111;

Import trace:
  Client Component Browser:
    ./src/app/globals.css [Client Component Browser]
    ./src/app/layout.tsx [Server Component] @ http://localhost:3000/_next/static/chunks/node_modules_next_dist_1gdrd03._.js:1817
[   10863ms] [ERROR] ./src/app/globals.css:3540:8
Error: Parsing CSS source code failed
  3538 |   }
  3539 | }
> 3540 | @import url('https://fonts.googleapis.com/css2?family=Corinthia:wght@400;700&display=swap');
       |        ^
  3541 | :root {
  3542 |   --background: #000000;
  3543 |   --surface: #111111;

@import rules must precede all rules aside from @charset and @layer statements

Generated code of PostCSS transform of file content of src/app/globals.css:
./src/app/globals.css:3540:8
  3538 |   }
  3539 | }
> 3540 | @import url('https://fonts.googleapis.com/css2?family=Corinthia:wght@400;700&display=swap');
       |        ^
  3541 | :root {
  3542 |   --background: #000000;
  3543 |   --surface: #111111;

Import trace:
  Client Component Browser:
    ./src/app/globals.css [Client Component Browser]
    ./src/app/layout.tsx [Server Component] @ http://localhost:3000/_next/static/chunks/node_modules_next_dist_1gdrd03._.js:1817
[   10944ms] [ERROR] ./src/app/globals.css:3540:8
Error: Parsing CSS source code failed
  3538 |   }
  3539 | }
> 3540 | @import url('https://fonts.googleapis.com/css2?family=Corinthia:wght@400;700&display=swap');
       |        ^
  3541 | :root {
  3542 |   --background: #000000;
  3543 |   --surface: #111111;

@import rules must precede all rules aside from @charset and @layer statements

Generated code of PostCSS transform of file content of src/app/globals.css:
./src/app/globals.css:3540:8
  3538 |   }
  3539 | }
> 3540 | @import url('https://fonts.googleapis.com/css2?family=Corinthia:wght@400;700&display=swap');
       |        ^
  3541 | :root {
  3542 |   --background: #000000;
  3543 |   --surface: #111111;

Import trace:
  Client Component Browser:
    ./src/app/globals.css [Client Component Browser]
    ./src/app/layout.tsx [Server Component] @ http://localhost:3000/_next/static/chunks/node_modules_next_dist_1gdrd03._.js:1817
[   11009ms] [ERROR] ./src/app/globals.css:3540:8
Error: Parsing CSS source code failed
  3538 |   }
  3539 | }
> 3540 | @import url('https://fonts.googleapis.com/css2?family=Corinthia:wght@400;700&display=swap');
       |        ^
  3541 | :root {
  3542 |   --background: #000000;
  3543 |   --surface: #111111;

@import rules must precede all rules aside from @charset and @layer statements

Generated code of PostCSS transform of file content of src/app/globals.css:
./src/app/globals.css:3540:8
  3538 |   }
  3539 | }
> 3540 | @import url('https://fonts.googleapis.com/css2?family=Corinthia:wght@400;700&display=swap');
       |        ^
  3541 | :root {
  3542 |   --background: #000000;
  3543 |   --surface: #111111;

Import trace:
  Client Component Browser:
    ./src/app/globals.css [Client Component Browser]
    ./src/app/layout.tsx [Server Component] @ http://localhost:3000/_next/static/chunks/node_modules_next_dist_1gdrd03._.js:1817
[   11057ms] [ERROR] ./src/app/globals.css:3540:8
Error: Parsing CSS source code failed
  3538 |   }
  3539 | }
> 3540 | @import url('https://fonts.googleapis.com/css2?family=Corinthia:wght@400;700&display=swap');
       |        ^
  3541 | :root {
  3542 |   --background: #000000;
  3543 |   --surface: #111111;

@import rules must precede all rules aside from @charset and @layer statements

Generated code of PostCSS transform of file content of src/app/globals.css:
./src/app/globals.css:3540:8
  3538 |   }
  3539 | }
> 3540 | @import url('https://fonts.googleapis.com/css2?family=Corinthia:wght@400;700&display=swap');
       |        ^
  3541 | :root {
  3542 |   --background: #000000;
  3543 |   --surface: #111111;

Import trace:
  Client Component Browser:
    ./src/app/globals.css [Client Component Browser]
    ./src/app/layout.tsx [Server Component] @ http://localhost:3000/_next/static/chunks/node_modules_next_dist_1gdrd03._.js:1817
[   11122ms] [ERROR] ./src/app/globals.css:3540:8
Error: Parsing CSS source code failed
  3538 |   }
  3539 | }
> 3540 | @import url('https://fonts.googleapis.com/css2?family=Corinthia:wght@400;700&display=swap');
       |        ^
  3541 | :root {
  3542 |   --background: #000000;
  3543 |   --surface: #111111;

@import rules must precede all rules aside from @charset and @layer statements

Generated code of PostCSS transform of file content of src/app/globals.css:
./src/app/globals.css:3540:8
  3538 |   }
  3539 | }
> 3540 | @import url('https://fonts.googleapis.com/css2?family=Corinthia:wght@400;700&display=swap');
       |        ^
  3541 | :root {
  3542 |   --background: #000000;
  3543 |   --surface: #111111;

Import trace:
  Client Component Browser:
    ./src/app/globals.css [Client Component Browser]
    ./src/app/layout.tsx [Server Component] @ http://localhost:3000/_next/static/chunks/node_modules_next_dist_1gdrd03._.js:1817
[   11202ms] [ERROR] ./src/app/globals.css:3540:8
Error: Parsing CSS source code failed
  3538 |   }
  3539 | }
> 3540 | @import url('https://fonts.googleapis.com/css2?family=Corinthia:wght@400;700&display=swap');
       |        ^
  3541 | :root {
  3542 |   --background: #000000;
  3543 |   --surface: #111111;

@import rules must precede all rules aside from @charset and @layer statements

Generated code of PostCSS transform of file content of src/app/globals.css:
./src/app/globals.css:3540:8
  3538 |   }
  3539 | }
> 3540 | @import url('https://fonts.googleapis.com/css2?family=Corinthia:wght@400;700&display=swap');
       |        ^
  3541 | :root {
  3542 |   --background: #000000;
  3543 |   --surface: #111111;

Import trace:
  Client Component Browser:
    ./src/app/globals.css [Client Component Browser]
    ./src/app/layout.tsx [Server Component] @ http://localhost:3000/_next/static/chunks/node_modules_next_dist_1gdrd03._.js:1817
[   11266ms] [ERROR] ./src/app/globals.css:3540:8
Error: Parsing CSS source code failed
  3538 |   }
  3539 | }
> 3540 | @import url('https://fonts.googleapis.com/css2?family=Corinthia:wght@400;700&display=swap');
       |        ^
  3541 | :root {
  3542 |   --background: #000000;
  3543 |   --surface: #111111;

@import rules must precede all rules aside from @charset and @layer statements

Generated code of PostCSS transform of file content of src/app/globals.css:
./src/app/globals.css:3540:8
  3538 |   }
  3539 | }
> 3540 | @import url('https://fonts.googleapis.com/css2?family=Corinthia:wght@400;700&display=swap');
       |        ^
  3541 | :root {
  3542 |   --background: #000000;
  3543 |   --surface: #111111;

Import trace:
  Client Component Browser:
    ./src/app/globals.css [Client Component Browser]
    ./src/app/layout.tsx [Server Component] @ http://localhost:3000/_next/static/chunks/node_modules_next_dist_1gdrd03._.js:1817
[   11318ms] [ERROR] ./src/app/globals.css:3540:8
Error: Parsing CSS source code failed
  3538 |   }
  3539 | }
> 3540 | @import url('https://fonts.googleapis.com/css2?family=Corinthia:wght@400;700&display=swap');
       |        ^
  3541 | :root {
  3542 |   --background: #000000;
  3543 |   --surface: #111111;

@import rules must precede all rules aside from @charset and @layer statements

Generated code of PostCSS transform of file content of src/app/globals.css:
./src/app/globals.css:3540:8
  3538 |   }
  3539 | }
> 3540 | @import url('https://fonts.googleapis.com/css2?family=Corinthia:wght@400;700&display=swap');
       |        ^
  3541 | :root {
  3542 |   --background: #000000;
  3543 |   --surface: #111111;

Import trace:
  Client Component Browser:
    ./src/app/globals.css [Client Component Browser]
    ./src/app/layout.tsx [Server Component] @ http://localhost:3000/_next/static/chunks/node_modules_next_dist_1gdrd03._.js:1817
[   11387ms] [ERROR] ./src/app/globals.css:3540:8
Error: Parsing CSS source code failed
  3538 |   }
  3539 | }
> 3540 | @import url('https://fonts.googleapis.com/css2?family=Corinthia:wght@400;700&display=swap');
       |        ^
  3541 | :root {
  3542 |   --background: #000000;
  3543 |   --surface: #111111;

@import rules must precede all rules aside from @charset and @layer statements

Generated code of PostCSS transform of file content of src/app/globals.css:
./src/app/globals.css:3540:8
  3538 |   }
  3539 | }
> 3540 | @import url('https://fonts.googleapis.com/css2?family=Corinthia:wght@400;700&display=swap');
       |        ^
  3541 | :root {
  3542 |   --background: #000000;
  3543 |   --surface: #111111;

Import trace:
  Client Component Browser:
    ./src/app/globals.css [Client Component Browser]
    ./src/app/layout.tsx [Server Component] @ http://localhost:3000/_next/static/chunks/node_modules_next_dist_1gdrd03._.js:1817
[   11460ms] [ERROR] ./src/app/globals.css:3540:8
Error: Parsing CSS source code failed
  3538 |   }
  3539 | }
> 3540 | @import url('https://fonts.googleapis.com/css2?family=Corinthia:wght@400;700&display=swap');
       |        ^
  3541 | :root {
  3542 |   --background: #000000;
  3543 |   --surface: #111111;

@import rules must precede all rules aside from @charset and @layer statements

Generated code of PostCSS transform of file content of src/app/globals.css:
./src/app/globals.css:3540:8
  3538 |   }
  3539 | }
> 3540 | @import url('https://fonts.googleapis.com/css2?family=Corinthia:wght@400;700&display=swap');
       |        ^
  3541 | :root {
  3542 |   --background: #000000;
  3543 |   --surface: #111111;

Import trace:
  Client Component Browser:
    ./src/app/globals.css [Client Component Browser]
    ./src/app/layout.tsx [Server Component] @ http://localhost:3000/_next/static/chunks/node_modules_next_dist_1gdrd03._.js:1817
[   11529ms] [ERROR] ./src/app/globals.css:3540:8
Error: Parsing CSS source code failed
  3538 |   }
  3539 | }
> 3540 | @import url('https://fonts.googleapis.com/css2?family=Corinthia:wght@400;700&display=swap');
       |        ^
  3541 | :root {
  3542 |   --background: #000000;
  3543 |   --surface: #111111;

@import rules must precede all rules aside from @charset and @layer statements

Generated code of PostCSS transform of file content of src/app/globals.css:
./src/app/globals.css:3540:8
  3538 |   }
  3539 | }
> 3540 | @import url('https://fonts.googleapis.com/css2?family=Corinthia:wght@400;700&display=swap');
       |        ^
  3541 | :root {
  3542 |   --background: #000000;
  3543 |   --surface: #111111;

Import trace:
  Client Component Browser:
    ./src/app/globals.css [Client Component Browser]
    ./src/app/layout.tsx [Server Component] @ http://localhost:3000/_next/static/chunks/node_modules_next_dist_1gdrd03._.js:1817
[   11597ms] [ERROR] ./src/app/globals.css:3540:8
Error: Parsing CSS source code failed
  3538 |   }
  3539 | }
> 3540 | @import url('https://fonts.googleapis.com/css2?family=Corinthia:wght@400;700&display=swap');
       |        ^
  3541 | :root {
  3542 |   --background: #000000;
  3543 |   --surface: #111111;

@import rules must precede all rules aside from @charset and @layer statements

Generated code of PostCSS transform of file content of src/app/globals.css:
./src/app/globals.css:3540:8
  3538 |   }
  3539 | }
> 3540 | @import url('https://fonts.googleapis.com/css2?family=Corinthia:wght@400;700&display=swap');
       |        ^
  3541 | :root {
  3542 |   --background: #000000;
  3543 |   --surface: #111111;

Import trace:
  Client Component Browser:
    ./src/app/globals.css [Client Component Browser]
    ./src/app/layout.tsx [Server Component] @ http://localhost:3000/_next/static/chunks/node_modules_next_dist_1gdrd03._.js:1817
[   11661ms] [ERROR] ./src/app/globals.css:3540:8
Error: Parsing CSS source code failed
  3538 |   }
  3539 | }
> 3540 | @import url('https://fonts.googleapis.com/css2?family=Corinthia:wght@400;700&display=swap');
       |        ^
  3541 | :root {
  3542 |   --background: #000000;
  3543 |   --surface: #111111;

@import rules must precede all rules aside from @charset and @layer statements

Generated code of PostCSS transform of file content of src/app/globals.css:
./src/app/globals.css:3540:8
  3538 |   }
  3539 | }
> 3540 | @import url('https://fonts.googleapis.com/css2?family=Corinthia:wght@400;700&display=swap');
       |        ^
  3541 | :root {
  3542 |   --background: #000000;
  3543 |   --surface: #111111;

Import trace:
  Client Component Browser:
    ./src/app/globals.css [Client Component Browser]
    ./src/app/layout.tsx [Server Component] @ http://localhost:3000/_next/static/chunks/node_modules_next_dist_1gdrd03._.js:1817
[   11719ms] [ERROR] ./src/app/globals.css:3540:8
Error: Parsing CSS source code failed
  3538 |   }
  3539 | }
> 3540 | @import url('https://fonts.googleapis.com/css2?family=Corinthia:wght@400;700&display=swap');
       |        ^
  3541 | :root {
  3542 |   --background: #000000;
  3543 |   --surface: #111111;

@import rules must precede all rules aside from @charset and @layer statements

Generated code of PostCSS transform of file content of src/app/globals.css:
./src/app/globals.css:3540:8
  3538 |   }
  3539 | }
> 3540 | @import url('https://fonts.googleapis.com/css2?family=Corinthia:wght@400;700&display=swap');
       |        ^
  3541 | :root {
  3542 |   --background: #000000;
  3543 |   --surface: #111111;

Import trace:
  Client Component Browser:
    ./src/app/globals.css [Client Component Browser]
    ./src/app/layout.tsx [Server Component] @ http://localhost:3000/_next/static/chunks/node_modules_next_dist_1gdrd03._.js:1817
[   11775ms] [ERROR] ./src/app/globals.css:3540:8
Error: Parsing CSS source code failed
  3538 |   }
  3539 | }
> 3540 | @import url('https://fonts.googleapis.com/css2?family=Corinthia:wght@400;700&display=swap');
       |        ^
  3541 | :root {
  3542 |   --background: #000000;
  3543 |   --surface: #111111;

@import rules must precede all rules aside from @charset and @layer statements

Generated code of PostCSS transform of file content of src/app/globals.css:
./src/app/globals.css:3540:8
  3538 |   }
  3539 | }
> 3540 | @import url('https://fonts.googleapis.com/css2?family=Corinthia:wght@400;700&display=swap');
       |        ^
  3541 | :root {
  3542 |   --background: #000000;
  3543 |   --surface: #111111;

Import trace:
  Client Component Browser:
    ./src/app/globals.css [Client Component Browser]
    ./src/app/layout.tsx [Server Component] @ http://localhost:3000/_next/static/chunks/node_modules_next_dist_1gdrd03._.js:1817
[   11838ms] [ERROR] ./src/app/globals.css:3540:8
Error: Parsing CSS source code failed
  3538 |   }
  3539 | }
> 3540 | @import url('https://fonts.googleapis.com/css2?family=Corinthia:wght@400;700&display=swap');
       |        ^
  3541 | :root {
  3542 |   --background: #000000;
  3543 |   --surface: #111111;

@import rules must precede all rules aside from @charset and @layer statements

Generated code of PostCSS transform of file content of src/app/globals.css:
./src/app/globals.css:3540:8
  3538 |   }
  3539 | }
> 3540 | @import url('https://fonts.googleapis.com/css2?family=Corinthia:wght@400;700&display=swap');
       |        ^
  3541 | :root {
  3542 |   --background: #000000;
  3543 |   --surface: #111111;

Import trace:
  Client Component Browser:
    ./src/app/globals.css [Client Component Browser]
    ./src/app/layout.tsx [Server Component] @ http://localhost:3000/_next/static/chunks/node_modules_next_dist_1gdrd03._.js:1817
[   11897ms] [ERROR] ./src/app/globals.css:3540:8
Error: Parsing CSS source code failed
  3538 |   }
  3539 | }
> 3540 | @import url('https://fonts.googleapis.com/css2?family=Corinthia:wght@400;700&display=swap');
       |        ^
  3541 | :root {
  3542 |   --background: #000000;
  3543 |   --surface: #111111;

@import rules must precede all rules aside from @charset and @layer statements

Generated code of PostCSS transform of file content of src/app/globals.css:
./src/app/globals.css:3540:8
  3538 |   }
  3539 | }
> 3540 | @import url('https://fonts.googleapis.com/css2?family=Corinthia:wght@400;700&display=swap');
       |        ^
  3541 | :root {
  3542 |   --background: #000000;
  3543 |   --surface: #111111;

Import trace:
  Client Component Browser:
    ./src/app/globals.css [Client Component Browser]
    ./src/app/layout.tsx [Server Component] @ http://localhost:3000/_next/static/chunks/node_modules_next_dist_1gdrd03._.js:1817
[   11963ms] [ERROR] ./src/app/globals.css:3540:8
Error: Parsing CSS source code failed
  3538 |   }
  3539 | }
> 3540 | @import url('https://fonts.googleapis.com/css2?family=Corinthia:wght@400;700&display=swap');
       |        ^
  3541 | :root {
  3542 |   --background: #000000;
  3543 |   --surface: #111111;

@import rules must precede all rules aside from @charset and @layer statements

Generated code of PostCSS transform of file content of src/app/globals.css:
./src/app/globals.css:3540:8
  3538 |   }
  3539 | }
> 3540 | @import url('https://fonts.googleapis.com/css2?family=Corinthia:wght@400;700&display=swap');
       |        ^
  3541 | :root {
  3542 |   --background: #000000;
  3543 |   --surface: #111111;

Import trace:
  Client Component Browser:
    ./src/app/globals.css [Client Component Browser]
    ./src/app/layout.tsx [Server Component] @ http://localhost:3000/_next/static/chunks/node_modules_next_dist_1gdrd03._.js:1817
[   12016ms] [ERROR] ./src/app/globals.css:3540:8
Error: Parsing CSS source code failed
  3538 |   }
  3539 | }
> 3540 | @import url('https://fonts.googleapis.com/css2?family=Corinthia:wght@400;700&display=swap');
       |        ^
  3541 | :root {
  3542 |   --background: #000000;
  3543 |   --surface: #111111;

@import rules must precede all rules aside from @charset and @layer statements

Generated code of PostCSS transform of file content of src/app/globals.css:
./src/app/globals.css:3540:8
  3538 |   }
  3539 | }
> 3540 | @import url('https://fonts.googleapis.com/css2?family=Corinthia:wght@400;700&display=swap');
       |        ^
  3541 | :root {
  3542 |   --background: #000000;
  3543 |   --surface: #111111;

Import trace:
  Client Component Browser:
    ./src/app/globals.css [Client Component Browser]
    ./src/app/layout.tsx [Server Component] @ http://localhost:3000/_next/static/chunks/node_modules_next_dist_1gdrd03._.js:1817
[   12072ms] [ERROR] ./src/app/globals.css:3540:8
Error: Parsing CSS source code failed
  3538 |   }
  3539 | }
> 3540 | @import url('https://fonts.googleapis.com/css2?family=Corinthia:wght@400;700&display=swap');
       |        ^
  3541 | :root {
  3542 |   --background: #000000;
  3543 |   --surface: #111111;

@import rules must precede all rules aside from @charset and @layer statements

Generated code of PostCSS transform of file content of src/app/globals.css:
./src/app/globals.css:3540:8
  3538 |   }
  3539 | }
> 3540 | @import url('https://fonts.googleapis.com/css2?family=Corinthia:wght@400;700&display=swap');
       |        ^
  3541 | :root {
  3542 |   --background: #000000;
  3543 |   --surface: #111111;

Import trace:
  Client Component Browser:
    ./src/app/globals.css [Client Component Browser]
    ./src/app/layout.tsx [Server Component] @ http://localhost:3000/_next/static/chunks/node_modules_next_dist_1gdrd03._.js:1817
[   12140ms] [ERROR] ./src/app/globals.css:3540:8
Error: Parsing CSS source code failed
  3538 |   }
  3539 | }
> 3540 | @import url('https://fonts.googleapis.com/css2?family=Corinthia:wght@400;700&display=swap');
       |        ^
  3541 | :root {
  3542 |   --background: #000000;
  3543 |   --surface: #111111;

@import rules must precede all rules aside from @charset and @layer statements

Generated code of PostCSS transform of file content of src/app/globals.css:
./src/app/globals.css:3540:8
  3538 |   }
  3539 | }
> 3540 | @import url('https://fonts.googleapis.com/css2?family=Corinthia:wght@400;700&display=swap');
       |        ^
  3541 | :root {
  3542 |   --background: #000000;
  3543 |   --surface: #111111;

Import trace:
  Client Component Browser:
    ./src/app/globals.css [Client Component Browser]
    ./src/app/layout.tsx [Server Component] @ http://localhost:3000/_next/static/chunks/node_modules_next_dist_1gdrd03._.js:1817
[   12216ms] [ERROR] ./src/app/globals.css:3540:8
Error: Parsing CSS source code failed
  3538 |   }
  3539 | }
> 3540 | @import url('https://fonts.googleapis.com/css2?family=Corinthia:wght@400;700&display=swap');
       |        ^
  3541 | :root {
  3542 |   --background: #000000;
  3543 |   --surface: #111111;

@import rules must precede all rules aside from @charset and @layer statements

Generated code of PostCSS transform of file content of src/app/globals.css:
./src/app/globals.css:3540:8
  3538 |   }
  3539 | }
> 3540 | @import url('https://fonts.googleapis.com/css2?family=Corinthia:wght@400;700&display=swap');
       |        ^
  3541 | :root {
  3542 |   --background: #000000;
  3543 |   --surface: #111111;

Import trace:
  Client Component Browser:
    ./src/app/globals.css [Client Component Browser]
    ./src/app/layout.tsx [Server Component] @ http://localhost:3000/_next/static/chunks/node_modules_next_dist_1gdrd03._.js:1817
[   12282ms] [ERROR] ./src/app/globals.css:3540:8
Error: Parsing CSS source code failed
  3538 |   }
  3539 | }
> 3540 | @import url('https://fonts.googleapis.com/css2?family=Corinthia:wght@400;700&display=swap');
       |        ^
  3541 | :root {
  3542 |   --background: #000000;
  3543 |   --surface: #111111;

@import rules must precede all rules aside from @charset and @layer statements

Generated code of PostCSS transform of file content of src/app/globals.css:
./src/app/globals.css:3540:8
  3538 |   }
  3539 | }
> 3540 | @import url('https://fonts.googleapis.com/css2?family=Corinthia:wght@400;700&display=swap');
       |        ^
  3541 | :root {
  3542 |   --background: #000000;
  3543 |   --surface: #111111;

Import trace:
  Client Component Browser:
    ./src/app/globals.css [Client Component Browser]
    ./src/app/layout.tsx [Server Component] @ http://localhost:3000/_next/static/chunks/node_modules_next_dist_1gdrd03._.js:1817
[   12337ms] [ERROR] ./src/app/globals.css:3540:8
Error: Parsing CSS source code failed
  3538 |   }
  3539 | }
> 3540 | @import url('https://fonts.googleapis.com/css2?family=Corinthia:wght@400;700&display=swap');
       |        ^
  3541 | :root {
  3542 |   --background: #000000;
  3543 |   --surface: #111111;

@import rules must precede all rules aside from @charset and @layer statements

Generated code of PostCSS transform of file content of src/app/globals.css:
./src/app/globals.css:3540:8
  3538 |   }
  3539 | }
> 3540 | @import url('https://fonts.googleapis.com/css2?family=Corinthia:wght@400;700&display=swap');
       |        ^
  3541 | :root {
  3542 |   --background: #000000;
  3543 |   --surface: #111111;

Import trace:
  Client Component Browser:
    ./src/app/globals.css [Client Component Browser]
    ./src/app/layout.tsx [Server Component] @ http://localhost:3000/_next/static/chunks/node_modules_next_dist_1gdrd03._.js:1817
[   12397ms] [ERROR] ./src/app/globals.css:3540:8
Error: Parsing CSS source code failed
  3538 |   }
  3539 | }
> 3540 | @import url('https://fonts.googleapis.com/css2?family=Corinthia:wght@400;700&display=swap');
       |        ^
  3541 | :root {
  3542 |   --background: #000000;
  3543 |   --surface: #111111;

@import rules must precede all rules aside from @charset and @layer statements

Generated code of PostCSS transform of file content of src/app/globals.css:
./src/app/globals.css:3540:8
  3538 |   }
  3539 | }
> 3540 | @import url('https://fonts.googleapis.com/css2?family=Corinthia:wght@400;700&display=swap');
       |        ^
  3541 | :root {
  3542 |   --background: #000000;
  3543 |   --surface: #111111;

Import trace:
  Client Component Browser:
    ./src/app/globals.css [Client Component Browser]
    ./src/app/layout.tsx [Server Component] @ http://localhost:3000/_next/static/chunks/node_modules_next_dist_1gdrd03._.js:1817
[   12450ms] [ERROR] ./src/app/globals.css:3540:8
Error: Parsing CSS source code failed
  3538 |   }
  3539 | }
> 3540 | @import url('https://fonts.googleapis.com/css2?family=Corinthia:wght@400;700&display=swap');
       |        ^
  3541 | :root {
  3542 |   --background: #000000;
  3543 |   --surface: #111111;

@import rules must precede all rules aside from @charset and @layer statements

Generated code of PostCSS transform of file content of src/app/globals.css:
./src/app/globals.css:3540:8
  3538 |   }
  3539 | }
> 3540 | @import url('https://fonts.googleapis.com/css2?family=Corinthia:wght@400;700&display=swap');
       |        ^
  3541 | :root {
  3542 |   --background: #000000;
  3543 |   --surface: #111111;

Import trace:
  Client Component Browser:
    ./src/app/globals.css [Client Component Browser]
    ./src/app/layout.tsx [Server Component] @ http://localhost:3000/_next/static/chunks/node_modules_next_dist_1gdrd03._.js:1817
[   12497ms] [ERROR] ./src/app/globals.css:3540:8
Error: Parsing CSS source code failed
  3538 |   }
  3539 | }
> 3540 | @import url('https://fonts.googleapis.com/css2?family=Corinthia:wght@400;700&display=swap');
       |        ^
  3541 | :root {
  3542 |   --background: #000000;
  3543 |   --surface: #111111;

@import rules must precede all rules aside from @charset and @layer statements

Generated code of PostCSS transform of file content of src/app/globals.css:
./src/app/globals.css:3540:8
  3538 |   }
  3539 | }
> 3540 | @import url('https://fonts.googleapis.com/css2?family=Corinthia:wght@400;700&display=swap');
       |        ^
  3541 | :root {
  3542 |   --background: #000000;
  3543 |   --surface: #111111;

Import trace:
  Client Component Browser:
    ./src/app/globals.css [Client Component Browser]
    ./src/app/layout.tsx [Server Component] @ http://localhost:3000/_next/static/chunks/node_modules_next_dist_1gdrd03._.js:1817
[   12556ms] [ERROR] ./src/app/globals.css:3540:8
Error: Parsing CSS source code failed
  3538 |   }
  3539 | }
> 3540 | @import url('https://fonts.googleapis.com/css2?family=Corinthia:wght@400;700&display=swap');
       |        ^
  3541 | :root {
  3542 |   --background: #000000;
  3543 |   --surface: #111111;

@import rules must precede all rules aside from @charset and @layer statements

Generated code of PostCSS transform of file content of src/app/globals.css:
./src/app/globals.css:3540:8
  3538 |   }
  3539 | }
> 3540 | @import url('https://fonts.googleapis.com/css2?family=Corinthia:wght@400;700&display=swap');
       |        ^
  3541 | :root {
  3542 |   --background: #000000;
  3543 |   --surface: #111111;

Import trace:
  Client Component Browser:
    ./src/app/globals.css [Client Component Browser]
    ./src/app/layout.tsx [Server Component] @ http://localhost:3000/_next/static/chunks/node_modules_next_dist_1gdrd03._.js:1817
[   12609ms] [ERROR] ./src/app/globals.css:3540:8
Error: Parsing CSS source code failed
  3538 |   }
  3539 | }
> 3540 | @import url('https://fonts.googleapis.com/css2?family=Corinthia:wght@400;700&display=swap');
       |        ^
  3541 | :root {
  3542 |   --background: #000000;
  3543 |   --surface: #111111;

@import rules must precede all rules aside from @charset and @layer statements

Generated code of PostCSS transform of file content of src/app/globals.css:
./src/app/globals.css:3540:8
  3538 |   }
  3539 | }
> 3540 | @import url('https://fonts.googleapis.com/css2?family=Corinthia:wght@400;700&display=swap');
       |        ^
  3541 | :root {
  3542 |   --background: #000000;
  3543 |   --surface: #111111;

Import trace:
  Client Component Browser:
    ./src/app/globals.css [Client Component Browser]
    ./src/app/layout.tsx [Server Component] @ http://localhost:3000/_next/static/chunks/node_modules_next_dist_1gdrd03._.js:1817
[   12657ms] [ERROR] ./src/app/globals.css:3540:8
Error: Parsing CSS source code failed
  3538 |   }
  3539 | }
> 3540 | @import url('https://fonts.googleapis.com/css2?family=Corinthia:wght@400;700&display=swap');
       |        ^
  3541 | :root {
  3542 |   --background: #000000;
  3543 |   --surface: #111111;

@import rules must precede all rules aside from @charset and @layer statements

Generated code of PostCSS transform of file content of src/app/globals.css:
./src/app/globals.css:3540:8
  3538 |   }
  3539 | }
> 3540 | @import url('https://fonts.googleapis.com/css2?family=Corinthia:wght@400;700&display=swap');
       |        ^
  3541 | :root {
  3542 |   --background: #000000;
  3543 |   --surface: #111111;

Import trace:
  Client Component Browser:
    ./src/app/globals.css [Client Component Browser]
    ./src/app/layout.tsx [Server Component] @ http://localhost:3000/_next/static/chunks/node_modules_next_dist_1gdrd03._.js:1817
[   12723ms] [ERROR] ./src/app/globals.css:3540:8
Error: Parsing CSS source code failed
  3538 |   }
  3539 | }
> 3540 | @import url('https://fonts.googleapis.com/css2?family=Corinthia:wght@400;700&display=swap');
       |        ^
  3541 | :root {
  3542 |   --background: #000000;
  3543 |   --surface: #111111;

@import rules must precede all rules aside from @charset and @layer statements

Generated code of PostCSS transform of file content of src/app/globals.css:
./src/app/globals.css:3540:8
  3538 |   }
  3539 | }
> 3540 | @import url('https://fonts.googleapis.com/css2?family=Corinthia:wght@400;700&display=swap');
       |        ^
  3541 | :root {
  3542 |   --background: #000000;
  3543 |   --surface: #111111;

Import trace:
  Client Component Browser:
    ./src/app/globals.css [Client Component Browser]
    ./src/app/layout.tsx [Server Component] @ http://localhost:3000/_next/static/chunks/node_modules_next_dist_1gdrd03._.js:1817
[   12781ms] [ERROR] ./src/app/globals.css:3540:8
Error: Parsing CSS source code failed
  3538 |   }
  3539 | }
> 3540 | @import url('https://fonts.googleapis.com/css2?family=Corinthia:wght@400;700&display=swap');
       |        ^
  3541 | :root {
  3542 |   --background: #000000;
  3543 |   --surface: #111111;

@import rules must precede all rules aside from @charset and @layer statements

Generated code of PostCSS transform of file content of src/app/globals.css:
./src/app/globals.css:3540:8
  3538 |   }
  3539 | }
> 3540 | @import url('https://fonts.googleapis.com/css2?family=Corinthia:wght@400;700&display=swap');
       |        ^
  3541 | :root {
  3542 |   --background: #000000;
  3543 |   --surface: #111111;

Import trace:
  Client Component Browser:
    ./src/app/globals.css [Client Component Browser]
    ./src/app/layout.tsx [Server Component] @ http://localhost:3000/_next/static/chunks/node_modules_next_dist_1gdrd03._.js:1817
[   12846ms] [ERROR] ./src/app/globals.css:3540:8
Error: Parsing CSS source code failed
  3538 |   }
  3539 | }
> 3540 | @import url('https://fonts.googleapis.com/css2?family=Corinthia:wght@400;700&display=swap');
       |        ^
  3541 | :root {
  3542 |   --background: #000000;
  3543 |   --surface: #111111;

@import rules must precede all rules aside from @charset and @layer statements

Generated code of PostCSS transform of file content of src/app/globals.css:
./src/app/globals.css:3540:8
  3538 |   }
  3539 | }
> 3540 | @import url('https://fonts.googleapis.com/css2?family=Corinthia:wght@400;700&display=swap');
       |        ^
  3541 | :root {
  3542 |   --background: #000000;
  3543 |   --surface: #111111;

Import trace:
  Client Component Browser:
    ./src/app/globals.css [Client Component Browser]
    ./src/app/layout.tsx [Server Component] @ http://localhost:3000/_next/static/chunks/node_modules_next_dist_1gdrd03._.js:1817
[   12899ms] [ERROR] ./src/app/globals.css:3540:8
Error: Parsing CSS source code failed
  3538 |   }
  3539 | }
> 3540 | @import url('https://fonts.googleapis.com/css2?family=Corinthia:wght@400;700&display=swap');
       |        ^
  3541 | :root {
  3542 |   --background: #000000;
  3543 |   --surface: #111111;

@import rules must precede all rules aside from @charset and @layer statements

Generated code of PostCSS transform of file content of src/app/globals.css:
./src/app/globals.css:3540:8
  3538 |   }
  3539 | }
> 3540 | @import url('https://fonts.googleapis.com/css2?family=Corinthia:wght@400;700&display=swap');
       |        ^
  3541 | :root {
  3542 |   --background: #000000;
  3543 |   --surface: #111111;

Import trace:
  Client Component Browser:
    ./src/app/globals.css [Client Component Browser]
    ./src/app/layout.tsx [Server Component] @ http://localhost:3000/_next/static/chunks/node_modules_next_dist_1gdrd03._.js:1817
[   12951ms] [ERROR] ./src/app/globals.css:3540:8
Error: Parsing CSS source code failed
  3538 |   }
  3539 | }
> 3540 | @import url('https://fonts.googleapis.com/css2?family=Corinthia:wght@400;700&display=swap');
       |        ^
  3541 | :root {
  3542 |   --background: #000000;
  3543 |   --surface: #111111;

@import rules must precede all rules aside from @charset and @layer statements

Generated code of PostCSS transform of file content of src/app/globals.css:
./src/app/globals.css:3540:8
  3538 |   }
  3539 | }
> 3540 | @import url('https://fonts.googleapis.com/css2?family=Corinthia:wght@400;700&display=swap');
       |        ^
  3541 | :root {
  3542 |   --background: #000000;
  3543 |   --surface: #111111;

Import trace:
  Client Component Browser:
    ./src/app/globals.css [Client Component Browser]
    ./src/app/layout.tsx [Server Component] @ http://localhost:3000/_next/static/chunks/node_modules_next_dist_1gdrd03._.js:1817
[   12997ms] [ERROR] ./src/app/globals.css:3540:8
Error: Parsing CSS source code failed
  3538 |   }
  3539 | }
> 3540 | @import url('https://fonts.googleapis.com/css2?family=Corinthia:wght@400;700&display=swap');
       |        ^
  3541 | :root {
  3542 |   --background: #000000;
  3543 |   --surface: #111111;

@import rules must precede all rules aside from @charset and @layer statements

Generated code of PostCSS transform of file content of src/app/globals.css:
./src/app/globals.css:3540:8
  3538 |   }
  3539 | }
> 3540 | @import url('https://fonts.googleapis.com/css2?family=Corinthia:wght@400;700&display=swap');
       |        ^
  3541 | :root {
  3542 |   --background: #000000;
  3543 |   --surface: #111111;

Import trace:
  Client Component Browser:
    ./src/app/globals.css [Client Component Browser]
    ./src/app/layout.tsx [Server Component] @ http://localhost:3000/_next/static/chunks/node_modules_next_dist_1gdrd03._.js:1817
[   13065ms] [ERROR] ./src/app/globals.css:3540:8
Error: Parsing CSS source code failed
  3538 |   }
  3539 | }
> 3540 | @import url('https://fonts.googleapis.com/css2?family=Corinthia:wght@400;700&display=swap');
       |        ^
  3541 | :root {
  3542 |   --background: #000000;
  3543 |   --surface: #111111;

@import rules must precede all rules aside from @charset and @layer statements

Generated code of PostCSS transform of file content of src/app/globals.css:
./src/app/globals.css:3540:8
  3538 |   }
  3539 | }
> 3540 | @import url('https://fonts.googleapis.com/css2?family=Corinthia:wght@400;700&display=swap');
       |        ^
  3541 | :root {
  3542 |   --background: #000000;
  3543 |   --surface: #111111;

Import trace:
  Client Component Browser:
    ./src/app/globals.css [Client Component Browser]
    ./src/app/layout.tsx [Server Component] @ http://localhost:3000/_next/static/chunks/node_modules_next_dist_1gdrd03._.js:1817
[   13129ms] [ERROR] ./src/app/globals.css:3540:8
Error: Parsing CSS source code failed
  3538 |   }
  3539 | }
> 3540 | @import url('https://fonts.googleapis.com/css2?family=Corinthia:wght@400;700&display=swap');
       |        ^
  3541 | :root {
  3542 |   --background: #000000;
  3543 |   --surface: #111111;

@import rules must precede all rules aside from @charset and @layer statements

Generated code of PostCSS transform of file content of src/app/globals.css:
./src/app/globals.css:3540:8
  3538 |   }
  3539 | }
> 3540 | @import url('https://fonts.googleapis.com/css2?family=Corinthia:wght@400;700&display=swap');
       |        ^
  3541 | :root {
  3542 |   --background: #000000;
  3543 |   --surface: #111111;

Import trace:
  Client Component Browser:
    ./src/app/globals.css [Client Component Browser]
    ./src/app/layout.tsx [Server Component] @ http://localhost:3000/_next/static/chunks/node_modules_next_dist_1gdrd03._.js:1817
[   13180ms] [ERROR] ./src/app/globals.css:3540:8
Error: Parsing CSS source code failed
  3538 |   }
  3539 | }
> 3540 | @import url('https://fonts.googleapis.com/css2?family=Corinthia:wght@400;700&display=swap');
       |        ^
  3541 | :root {
  3542 |   --background: #000000;
  3543 |   --surface: #111111;

@import rules must precede all rules aside from @charset and @layer statements

Generated code of PostCSS transform of file content of src/app/globals.css:
./src/app/globals.css:3540:8
  3538 |   }
  3539 | }
> 3540 | @import url('https://fonts.googleapis.com/css2?family=Corinthia:wght@400;700&display=swap');
       |        ^
  3541 | :root {
  3542 |   --background: #000000;
  3543 |   --surface: #111111;

Import trace:
  Client Component Browser:
    ./src/app/globals.css [Client Component Browser]
    ./src/app/layout.tsx [Server Component] @ http://localhost:3000/_next/static/chunks/node_modules_next_dist_1gdrd03._.js:1817
[   13237ms] [ERROR] ./src/app/globals.css:3540:8
Error: Parsing CSS source code failed
  3538 |   }
  3539 | }
> 3540 | @import url('https://fonts.googleapis.com/css2?family=Corinthia:wght@400;700&display=swap');
       |        ^
  3541 | :root {
  3542 |   --background: #000000;
  3543 |   --surface: #111111;

@import rules must precede all rules aside from @charset and @layer statements

Generated code of PostCSS transform of file content of src/app/globals.css:
./src/app/globals.css:3540:8
  3538 |   }
  3539 | }
> 3540 | @import url('https://fonts.googleapis.com/css2?family=Corinthia:wght@400;700&display=swap');
       |        ^
  3541 | :root {
  3542 |   --background: #000000;
  3543 |   --surface: #111111;

Import trace:
  Client Component Browser:
    ./src/app/globals.css [Client Component Browser]
    ./src/app/layout.tsx [Server Component] @ http://localhost:3000/_next/static/chunks/node_modules_next_dist_1gdrd03._.js:1817
[   13293ms] [ERROR] ./src/app/globals.css:3540:8
Error: Parsing CSS source code failed
  3538 |   }
  3539 | }
> 3540 | @import url('https://fonts.googleapis.com/css2?family=Corinthia:wght@400;700&display=swap');
       |        ^
  3541 | :root {
  3542 |   --background: #000000;
  3543 |   --surface: #111111;

@import rules must precede all rules aside from @charset and @layer statements

Generated code of PostCSS transform of file content of src/app/globals.css:
./src/app/globals.css:3540:8
  3538 |   }
  3539 | }
> 3540 | @import url('https://fonts.googleapis.com/css2?family=Corinthia:wght@400;700&display=swap');
       |        ^
  3541 | :root {
  3542 |   --background: #000000;
  3543 |   --surface: #111111;

Import trace:
  Client Component Browser:
    ./src/app/globals.css [Client Component Browser]
    ./src/app/layout.tsx [Server Component] @ http://localhost:3000/_next/static/chunks/node_modules_next_dist_1gdrd03._.js:1817
[   13351ms] [ERROR] ./src/app/globals.css:3540:8
Error: Parsing CSS source code failed
  3538 |   }
  3539 | }
> 3540 | @import url('https://fonts.googleapis.com/css2?family=Corinthia:wght@400;700&display=swap');
       |        ^
  3541 | :root {
  3542 |   --background: #000000;
  3543 |   --surface: #111111;

@import rules must precede all rules aside from @charset and @layer statements

Generated code of PostCSS transform of file content of src/app/globals.css:
./src/app/globals.css:3540:8
  3538 |   }
  3539 | }
> 3540 | @import url('https://fonts.googleapis.com/css2?family=Corinthia:wght@400;700&display=swap');
       |        ^
  3541 | :root {
  3542 |   --background: #000000;
  3543 |   --surface: #111111;

Import trace:
  Client Component Browser:
    ./src/app/globals.css [Client Component Browser]
    ./src/app/layout.tsx [Server Component] @ http://localhost:3000/_next/static/chunks/node_modules_next_dist_1gdrd03._.js:1817
[   13411ms] [ERROR] ./src/app/globals.css:3540:8
Error: Parsing CSS source code failed
  3538 |   }
  3539 | }
> 3540 | @import url('https://fonts.googleapis.com/css2?family=Corinthia:wght@400;700&display=swap');
       |        ^
  3541 | :root {
  3542 |   --background: #000000;
  3543 |   --surface: #111111;

@import rules must precede all rules aside from @charset and @layer statements

Generated code of PostCSS transform of file content of src/app/globals.css:
./src/app/globals.css:3540:8
  3538 |   }
  3539 | }
> 3540 | @import url('https://fonts.googleapis.com/css2?family=Corinthia:wght@400;700&display=swap');
       |        ^
  3541 | :root {
  3542 |   --background: #000000;
  3543 |   --surface: #111111;

Import trace:
  Client Component Browser:
    ./src/app/globals.css [Client Component Browser]
    ./src/app/layout.tsx [Server Component] @ http://localhost:3000/_next/static/chunks/node_modules_next_dist_1gdrd03._.js:1817
[   13474ms] [ERROR] ./src/app/globals.css:3540:8
Error: Parsing CSS source code failed
  3538 |   }
  3539 | }
> 3540 | @import url('https://fonts.googleapis.com/css2?family=Corinthia:wght@400;700&display=swap');
       |        ^
  3541 | :root {
  3542 |   --background: #000000;
  3543 |   --surface: #111111;

@import rules must precede all rules aside from @charset and @layer statements

Generated code of PostCSS transform of file content of src/app/globals.css:
./src/app/globals.css:3540:8
  3538 |   }
  3539 | }
> 3540 | @import url('https://fonts.googleapis.com/css2?family=Corinthia:wght@400;700&display=swap');
       |        ^
  3541 | :root {
  3542 |   --background: #000000;
  3543 |   --surface: #111111;

Import trace:
  Client Component Browser:
    ./src/app/globals.css [Client Component Browser]
    ./src/app/layout.tsx [Server Component] @ http://localhost:3000/_next/static/chunks/node_modules_next_dist_1gdrd03._.js:1817
[   13529ms] [ERROR] ./src/app/globals.css:3540:8
Error: Parsing CSS source code failed
  3538 |   }
  3539 | }
> 3540 | @import url('https://fonts.googleapis.com/css2?family=Corinthia:wght@400;700&display=swap');
       |        ^
  3541 | :root {
  3542 |   --background: #000000;
  3543 |   --surface: #111111;

@import rules must precede all rules aside from @charset and @layer statements

Generated code of PostCSS transform of file content of src/app/globals.css:
./src/app/globals.css:3540:8
  3538 |   }
  3539 | }
> 3540 | @import url('https://fonts.googleapis.com/css2?family=Corinthia:wght@400;700&display=swap');
       |        ^
  3541 | :root {
  3542 |   --background: #000000;
  3543 |   --surface: #111111;

Import trace:
  Client Component Browser:
    ./src/app/globals.css [Client Component Browser]
    ./src/app/layout.tsx [Server Component] @ http://localhost:3000/_next/static/chunks/node_modules_next_dist_1gdrd03._.js:1817
[   13584ms] [ERROR] ./src/app/globals.css:3540:8
Error: Parsing CSS source code failed
  3538 |   }
  3539 | }
> 3540 | @import url('https://fonts.googleapis.com/css2?family=Corinthia:wght@400;700&display=swap');
       |        ^
  3541 | :root {
  3542 |   --background: #000000;
  3543 |   --surface: #111111;

@import rules must precede all rules aside from @charset and @layer statements

Generated code of PostCSS transform of file content of src/app/globals.css:
./src/app/globals.css:3540:8
  3538 |   }
  3539 | }
> 3540 | @import url('https://fonts.googleapis.com/css2?family=Corinthia:wght@400;700&display=swap');
       |        ^
  3541 | :root {
  3542 |   --background: #000000;
  3543 |   --surface: #111111;

Import trace:
  Client Component Browser:
    ./src/app/globals.css [Client Component Browser]
    ./src/app/layout.tsx [Server Component] @ http://localhost:3000/_next/static/chunks/node_modules_next_dist_1gdrd03._.js:1817
[   13629ms] [ERROR] ./src/app/globals.css:3540:8
Error: Parsing CSS source code failed
  3538 |   }
  3539 | }
> 3540 | @import url('https://fonts.googleapis.com/css2?family=Corinthia:wght@400;700&display=swap');
       |        ^
  3541 | :root {
  3542 |   --background: #000000;
  3543 |   --surface: #111111;

@import rules must precede all rules aside from @charset and @layer statements

Generated code of PostCSS transform of file content of src/app/globals.css:
./src/app/globals.css:3540:8
  3538 |   }
  3539 | }
> 3540 | @import url('https://fonts.googleapis.com/css2?family=Corinthia:wght@400;700&display=swap');
       |        ^
  3541 | :root {
  3542 |   --background: #000000;
  3543 |   --surface: #111111;

Import trace:
  Client Component Browser:
    ./src/app/globals.css [Client Component Browser]
    ./src/app/layout.tsx [Server Component] @ http://localhost:3000/_next/static/chunks/node_modules_next_dist_1gdrd03._.js:1817
[   13695ms] [ERROR] ./src/app/globals.css:3540:8
Error: Parsing CSS source code failed
  3538 |   }
  3539 | }
> 3540 | @import url('https://fonts.googleapis.com/css2?family=Corinthia:wght@400;700&display=swap');
       |        ^
  3541 | :root {
  3542 |   --background: #000000;
  3543 |   --surface: #111111;

@import rules must precede all rules aside from @charset and @layer statements

Generated code of PostCSS transform of file content of src/app/globals.css:
./src/app/globals.css:3540:8
  3538 |   }
  3539 | }
> 3540 | @import url('https://fonts.googleapis.com/css2?family=Corinthia:wght@400;700&display=swap');
       |        ^
  3541 | :root {
  3542 |   --background: #000000;
  3543 |   --surface: #111111;

Import trace:
  Client Component Browser:
    ./src/app/globals.css [Client Component Browser]
    ./src/app/layout.tsx [Server Component] @ http://localhost:3000/_next/static/chunks/node_modules_next_dist_1gdrd03._.js:1817
[   13750ms] [ERROR] ./src/app/globals.css:3540:8
Error: Parsing CSS source code failed
  3538 |   }
  3539 | }
> 3540 | @import url('https://fonts.googleapis.com/css2?family=Corinthia:wght@400;700&display=swap');
       |        ^
  3541 | :root {
  3542 |   --background: #000000;
  3543 |   --surface: #111111;

@import rules must precede all rules aside from @charset and @layer statements

Generated code of PostCSS transform of file content of src/app/globals.css:
./src/app/globals.css:3540:8
  3538 |   }
  3539 | }
> 3540 | @import url('https://fonts.googleapis.com/css2?family=Corinthia:wght@400;700&display=swap');
       |        ^
  3541 | :root {
  3542 |   --background: #000000;
  3543 |   --surface: #111111;

Import trace:
  Client Component Browser:
    ./src/app/globals.css [Client Component Browser]
    ./src/app/layout.tsx [Server Component] @ http://localhost:3000/_next/static/chunks/node_modules_next_dist_1gdrd03._.js:1817
[   13808ms] [ERROR] ./src/app/globals.css:3540:8
Error: Parsing CSS source code failed
  3538 |   }
  3539 | }
> 3540 | @import url('https://fonts.googleapis.com/css2?family=Corinthia:wght@400;700&display=swap');
       |        ^
  3541 | :root {
  3542 |   --background: #000000;
  3543 |   --surface: #111111;

@import rules must precede all rules aside from @charset and @layer statements

Generated code of PostCSS transform of file content of src/app/globals.css:
./src/app/globals.css:3540:8
  3538 |   }
  3539 | }
> 3540 | @import url('https://fonts.googleapis.com/css2?family=Corinthia:wght@400;700&display=swap');
       |        ^
  3541 | :root {
  3542 |   --background: #000000;
  3543 |   --surface: #111111;

Import trace:
  Client Component Browser:
    ./src/app/globals.css [Client Component Browser]
    ./src/app/layout.tsx [Server Component] @ http://localhost:3000/_next/static/chunks/node_modules_next_dist_1gdrd03._.js:1817
[   13857ms] [ERROR] ./src/app/globals.css:3540:8
Error: Parsing CSS source code failed
  3538 |   }
  3539 | }
> 3540 | @import url('https://fonts.googleapis.com/css2?family=Corinthia:wght@400;700&display=swap');
       |        ^
  3541 | :root {
  3542 |   --background: #000000;
  3543 |   --surface: #111111;

@import rules must precede all rules aside from @charset and @layer statements

Generated code of PostCSS transform of file content of src/app/globals.css:
./src/app/globals.css:3540:8
  3538 |   }
  3539 | }
> 3540 | @import url('https://fonts.googleapis.com/css2?family=Corinthia:wght@400;700&display=swap');
       |        ^
  3541 | :root {
  3542 |   --background: #000000;
  3543 |   --surface: #111111;

Import trace:
  Client Component Browser:
    ./src/app/globals.css [Client Component Browser]
    ./src/app/layout.tsx [Server Component] @ http://localhost:3000/_next/static/chunks/node_modules_next_dist_1gdrd03._.js:1817
[   13913ms] [ERROR] ./src/app/globals.css:3540:8
Error: Parsing CSS source code failed
  3538 |   }
  3539 | }
> 3540 | @import url('https://fonts.googleapis.com/css2?family=Corinthia:wght@400;700&display=swap');
       |        ^
  3541 | :root {
  3542 |   --background: #000000;
  3543 |   --surface: #111111;

@import rules must precede all rules aside from @charset and @layer statements

Generated code of PostCSS transform of file content of src/app/globals.css:
./src/app/globals.css:3540:8
  3538 |   }
  3539 | }
> 3540 | @import url('https://fonts.googleapis.com/css2?family=Corinthia:wght@400;700&display=swap');
       |        ^
  3541 | :root {
  3542 |   --background: #000000;
  3543 |   --surface: #111111;

Import trace:
  Client Component Browser:
    ./src/app/globals.css [Client Component Browser]
    ./src/app/layout.tsx [Server Component] @ http://localhost:3000/_next/static/chunks/node_modules_next_dist_1gdrd03._.js:1817
[   13974ms] [ERROR] ./src/app/globals.css:3540:8
Error: Parsing CSS source code failed
  3538 |   }
  3539 | }
> 3540 | @import url('https://fonts.googleapis.com/css2?family=Corinthia:wght@400;700&display=swap');
       |        ^
  3541 | :root {
  3542 |   --background: #000000;
  3543 |   --surface: #111111;

@import rules must precede all rules aside from @charset and @layer statements

Generated code of PostCSS transform of file content of src/app/globals.css:
./src/app/globals.css:3540:8
  3538 |   }
  3539 | }
> 3540 | @import url('https://fonts.googleapis.com/css2?family=Corinthia:wght@400;700&display=swap');
       |        ^
  3541 | :root {
  3542 |   --background: #000000;
  3543 |   --surface: #111111;

Import trace:
  Client Component Browser:
    ./src/app/globals.css [Client Component Browser]
    ./src/app/layout.tsx [Server Component] @ http://localhost:3000/_next/static/chunks/node_modules_next_dist_1gdrd03._.js:1817
[   14056ms] [ERROR] ./src/app/globals.css:3540:8
Error: Parsing CSS source code failed
  3538 |   }
  3539 | }
> 3540 | @import url('https://fonts.googleapis.com/css2?family=Corinthia:wght@400;700&display=swap');
       |        ^
  3541 | :root {
  3542 |   --background: #000000;
  3543 |   --surface: #111111;

@import rules must precede all rules aside from @charset and @layer statements

Generated code of PostCSS transform of file content of src/app/globals.css:
./src/app/globals.css:3540:8
  3538 |   }
  3539 | }
> 3540 | @import url('https://fonts.googleapis.com/css2?family=Corinthia:wght@400;700&display=swap');
       |        ^
  3541 | :root {
  3542 |   --background: #000000;
  3543 |   --surface: #111111;

Import trace:
  Client Component Browser:
    ./src/app/globals.css [Client Component Browser]
    ./src/app/layout.tsx [Server Component] @ http://localhost:3000/_next/static/chunks/node_modules_next_dist_1gdrd03._.js:1817
[   14108ms] [ERROR] ./src/app/globals.css:3540:8
Error: Parsing CSS source code failed
  3538 |   }
  3539 | }
> 3540 | @import url('https://fonts.googleapis.com/css2?family=Corinthia:wght@400;700&display=swap');
       |        ^
  3541 | :root {
  3542 |   --background: #000000;
  3543 |   --surface: #111111;

@import rules must precede all rules aside from @charset and @layer statements

Generated code of PostCSS transform of file content of src/app/globals.css:
./src/app/globals.css:3540:8
  3538 |   }
  3539 | }
> 3540 | @import url('https://fonts.googleapis.com/css2?family=Corinthia:wght@400;700&display=swap');
       |        ^
  3541 | :root {
  3542 |   --background: #000000;
  3543 |   --surface: #111111;

Import trace:
  Client Component Browser:
    ./src/app/globals.css [Client Component Browser]
    ./src/app/layout.tsx [Server Component] @ http://localhost:3000/_next/static/chunks/node_modules_next_dist_1gdrd03._.js:1817
[   14178ms] [ERROR] ./src/app/globals.css:3540:8
Error: Parsing CSS source code failed
  3538 |   }
  3539 | }
> 3540 | @import url('https://fonts.googleapis.com/css2?family=Corinthia:wght@400;700&display=swap');
       |        ^
  3541 | :root {
  3542 |   --background: #000000;
  3543 |   --surface: #111111;

@import rules must precede all rules aside from @charset and @layer statements

Generated code of PostCSS transform of file content of src/app/globals.css:
./src/app/globals.css:3540:8
  3538 |   }
  3539 | }
> 3540 | @import url('https://fonts.googleapis.com/css2?family=Corinthia:wght@400;700&display=swap');
       |        ^
  3541 | :root {
  3542 |   --background: #000000;
  3543 |   --surface: #111111;

Import trace:
  Client Component Browser:
    ./src/app/globals.css [Client Component Browser]
    ./src/app/layout.tsx [Server Component] @ http://localhost:3000/_next/static/chunks/node_modules_next_dist_1gdrd03._.js:1817
[   14233ms] [ERROR] ./src/app/globals.css:3540:8
Error: Parsing CSS source code failed
  3538 |   }
  3539 | }
> 3540 | @import url('https://fonts.googleapis.com/css2?family=Corinthia:wght@400;700&display=swap');
       |        ^
  3541 | :root {
  3542 |   --background: #000000;
  3543 |   --surface: #111111;

@import rules must precede all rules aside from @charset and @layer statements

Generated code of PostCSS transform of file content of src/app/globals.css:
./src/app/globals.css:3540:8
  3538 |   }
  3539 | }
> 3540 | @import url('https://fonts.googleapis.com/css2?family=Corinthia:wght@400;700&display=swap');
       |        ^
  3541 | :root {
  3542 |   --background: #000000;
  3543 |   --surface: #111111;

Import trace:
  Client Component Browser:
    ./src/app/globals.css [Client Component Browser]
    ./src/app/layout.tsx [Server Component] @ http://localhost:3000/_next/static/chunks/node_modules_next_dist_1gdrd03._.js:1817
[   14295ms] [ERROR] ./src/app/globals.css:3540:8
Error: Parsing CSS source code failed
  3538 |   }
  3539 | }
> 3540 | @import url('https://fonts.googleapis.com/css2?family=Corinthia:wght@400;700&display=swap');
       |        ^
  3541 | :root {
  3542 |   --background: #000000;
  3543 |   --surface: #111111;

@import rules must precede all rules aside from @charset and @layer statements

Generated code of PostCSS transform of file content of src/app/globals.css:
./src/app/globals.css:3540:8
  3538 |   }
  3539 | }
> 3540 | @import url('https://fonts.googleapis.com/css2?family=Corinthia:wght@400;700&display=swap');
       |        ^
  3541 | :root {
  3542 |   --background: #000000;
  3543 |   --surface: #111111;

Import trace:
  Client Component Browser:
    ./src/app/globals.css [Client Component Browser]
    ./src/app/layout.tsx [Server Component] @ http://localhost:3000/_next/static/chunks/node_modules_next_dist_1gdrd03._.js:1817
[   14358ms] [ERROR] ./src/app/globals.css:3540:8
Error: Parsing CSS source code failed
  3538 |   }
  3539 | }
> 3540 | @import url('https://fonts.googleapis.com/css2?family=Corinthia:wght@400;700&display=swap');
       |        ^
  3541 | :root {
  3542 |   --background: #000000;
  3543 |   --surface: #111111;

@import rules must precede all rules aside from @charset and @layer statements

Generated code of PostCSS transform of file content of src/app/globals.css:
./src/app/globals.css:3540:8
  3538 |   }
  3539 | }
> 3540 | @import url('https://fonts.googleapis.com/css2?family=Corinthia:wght@400;700&display=swap');
       |        ^
  3541 | :root {
  3542 |   --background: #000000;
  3543 |   --surface: #111111;

Import trace:
  Client Component Browser:
    ./src/app/globals.css [Client Component Browser]
    ./src/app/layout.tsx [Server Component] @ http://localhost:3000/_next/static/chunks/node_modules_next_dist_1gdrd03._.js:1817
[   14413ms] [ERROR] ./src/app/globals.css:3540:8
Error: Parsing CSS source code failed
  3538 |   }
  3539 | }
> 3540 | @import url('https://fonts.googleapis.com/css2?family=Corinthia:wght@400;700&display=swap');
       |        ^
  3541 | :root {
  3542 |   --background: #000000;
  3543 |   --surface: #111111;

@import rules must precede all rules aside from @charset and @layer statements

Generated code of PostCSS transform of file content of src/app/globals.css:
./src/app/globals.css:3540:8
  3538 |   }
  3539 | }
> 3540 | @import url('https://fonts.googleapis.com/css2?family=Corinthia:wght@400;700&display=swap');
       |        ^
  3541 | :root {
  3542 |   --background: #000000;
  3543 |   --surface: #111111;

Import trace:
  Client Component Browser:
    ./src/app/globals.css [Client Component Browser]
    ./src/app/layout.tsx [Server Component] @ http://localhost:3000/_next/static/chunks/node_modules_next_dist_1gdrd03._.js:1817
[   14474ms] [ERROR] ./src/app/globals.css:3540:8
Error: Parsing CSS source code failed
  3538 |   }
  3539 | }
> 3540 | @import url('https://fonts.googleapis.com/css2?family=Corinthia:wght@400;700&display=swap');
       |        ^
  3541 | :root {
  3542 |   --background: #000000;
  3543 |   --surface: #111111;

@import rules must precede all rules aside from @charset and @layer statements

Generated code of PostCSS transform of file content of src/app/globals.css:
./src/app/globals.css:3540:8
  3538 |   }
  3539 | }
> 3540 | @import url('https://fonts.googleapis.com/css2?family=Corinthia:wght@400;700&display=swap');
       |        ^
  3541 | :root {
  3542 |   --background: #000000;
  3543 |   --surface: #111111;

Import trace:
  Client Component Browser:
    ./src/app/globals.css [Client Component Browser]
    ./src/app/layout.tsx [Server Component] @ http://localhost:3000/_next/static/chunks/node_modules_next_dist_1gdrd03._.js:1817
[   14518ms] [ERROR] ./src/app/globals.css:3540:8
Error: Parsing CSS source code failed
  3538 |   }
  3539 | }
> 3540 | @import url('https://fonts.googleapis.com/css2?family=Corinthia:wght@400;700&display=swap');
       |        ^
  3541 | :root {
  3542 |   --background: #000000;
  3543 |   --surface: #111111;

@import rules must precede all rules aside from @charset and @layer statements

Generated code of PostCSS transform of file content of src/app/globals.css:
./src/app/globals.css:3540:8
  3538 |   }
  3539 | }
> 3540 | @import url('https://fonts.googleapis.com/css2?family=Corinthia:wght@400;700&display=swap');
       |        ^
  3541 | :root {
  3542 |   --background: #000000;
  3543 |   --surface: #111111;

Import trace:
  Client Component Browser:
    ./src/app/globals.css [Client Component Browser]
    ./src/app/layout.tsx [Server Component] @ http://localhost:3000/_next/static/chunks/node_modules_next_dist_1gdrd03._.js:1817
[   14596ms] [ERROR] ./src/app/globals.css:3540:8
Error: Parsing CSS source code failed
  3538 |   }
  3539 | }
> 3540 | @import url('https://fonts.googleapis.com/css2?family=Corinthia:wght@400;700&display=swap');
       |        ^
  3541 | :root {
  3542 |   --background: #000000;
  3543 |   --surface: #111111;

@import rules must precede all rules aside from @charset and @layer statements

Generated code of PostCSS transform of file content of src/app/globals.css:
./src/app/globals.css:3540:8
  3538 |   }
  3539 | }
> 3540 | @import url('https://fonts.googleapis.com/css2?family=Corinthia:wght@400;700&display=swap');
       |        ^
  3541 | :root {
  3542 |   --background: #000000;
  3543 |   --surface: #111111;

Import trace:
  Client Component Browser:
    ./src/app/globals.css [Client Component Browser]
    ./src/app/layout.tsx [Server Component] @ http://localhost:3000/_next/static/chunks/node_modules_next_dist_1gdrd03._.js:1817
[   14640ms] [ERROR] ./src/app/globals.css:3540:8
Error: Parsing CSS source code failed
  3538 |   }
  3539 | }
> 3540 | @import url('https://fonts.googleapis.com/css2?family=Corinthia:wght@400;700&display=swap');
       |        ^
  3541 | :root {
  3542 |   --background: #000000;
  3543 |   --surface: #111111;

@import rules must precede all rules aside from @charset and @layer statements

Generated code of PostCSS transform of file content of src/app/globals.css:
./src/app/globals.css:3540:8
  3538 |   }
  3539 | }
> 3540 | @import url('https://fonts.googleapis.com/css2?family=Corinthia:wght@400;700&display=swap');
       |        ^
  3541 | :root {
  3542 |   --background: #000000;
  3543 |   --surface: #111111;

Import trace:
  Client Component Browser:
    ./src/app/globals.css [Client Component Browser]
    ./src/app/layout.tsx [Server Component] @ http://localhost:3000/_next/static/chunks/node_modules_next_dist_1gdrd03._.js:1817
[   14691ms] [ERROR] ./src/app/globals.css:3540:8
Error: Parsing CSS source code failed
  3538 |   }
  3539 | }
> 3540 | @import url('https://fonts.googleapis.com/css2?family=Corinthia:wght@400;700&display=swap');
       |        ^
  3541 | :root {
  3542 |   --background: #000000;
  3543 |   --surface: #111111;

@import rules must precede all rules aside from @charset and @layer statements

Generated code of PostCSS transform of file content of src/app/globals.css:
./src/app/globals.css:3540:8
  3538 |   }
  3539 | }
> 3540 | @import url('https://fonts.googleapis.com/css2?family=Corinthia:wght@400;700&display=swap');
       |        ^
  3541 | :root {
  3542 |   --background: #000000;
  3543 |   --surface: #111111;

Import trace:
  Client Component Browser:
    ./src/app/globals.css [Client Component Browser]
    ./src/app/layout.tsx [Server Component] @ http://localhost:3000/_next/static/chunks/node_modules_next_dist_1gdrd03._.js:1817
[   14742ms] [ERROR] ./src/app/globals.css:3540:8
Error: Parsing CSS source code failed
  3538 |   }
  3539 | }
> 3540 | @import url('https://fonts.googleapis.com/css2?family=Corinthia:wght@400;700&display=swap');
       |        ^
  3541 | :root {
  3542 |   --background: #000000;
  3543 |   --surface: #111111;

@import rules must precede all rules aside from @charset and @layer statements

Generated code of PostCSS transform of file content of src/app/globals.css:
./src/app/globals.css:3540:8
  3538 |   }
  3539 | }
> 3540 | @import url('https://fonts.googleapis.com/css2?family=Corinthia:wght@400;700&display=swap');
       |        ^
  3541 | :root {
  3542 |   --background: #000000;
  3543 |   --surface: #111111;

Import trace:
  Client Component Browser:
    ./src/app/globals.css [Client Component Browser]
    ./src/app/layout.tsx [Server Component] @ http://localhost:3000/_next/static/chunks/node_modules_next_dist_1gdrd03._.js:1817
[   14992ms] [ERROR] ./src/app/globals.css:3540:8
Error: Parsing CSS source code failed
  3538 |   }
  3539 | }
> 3540 | @import url('https://fonts.googleapis.com/css2?family=Corinthia:wght@400;700&display=swap');
       |        ^
  3541 | :root {
  3542 |   --background: #000000;
  3543 |   --surface: #111111;

@import rules must precede all rules aside from @charset and @layer statements

Generated code of PostCSS transform of file content of src/app/globals.css:
./src/app/globals.css:3540:8
  3538 |   }
  3539 | }
> 3540 | @import url('https://fonts.googleapis.com/css2?family=Corinthia:wght@400;700&display=swap');
       |        ^
  3541 | :root {
  3542 |   --background: #000000;
  3543 |   --surface: #111111;

Import trace:
  Client Component Browser:
    ./src/app/globals.css [Client Component Browser]
    ./src/app/layout.tsx [Server Component] @ http://localhost:3000/_next/static/chunks/node_modules_next_dist_1gdrd03._.js:1817
[   15051ms] [ERROR] ./src/app/globals.css:3540:8
Error: Parsing CSS source code failed
  3538 |   }
  3539 | }
> 3540 | @import url('https://fonts.googleapis.com/css2?family=Corinthia:wght@400;700&display=swap');
       |        ^
  3541 | :root {
  3542 |   --background: #000000;
  3543 |   --surface: #111111;

@import rules must precede all rules aside from @charset and @layer statements

Generated code of PostCSS transform of file content of src/app/globals.css:
./src/app/globals.css:3540:8
  3538 |   }
  3539 | }
> 3540 | @import url('https://fonts.googleapis.com/css2?family=Corinthia:wght@400;700&display=swap');
       |        ^
  3541 | :root {
  3542 |   --background: #000000;
  3543 |   --surface: #111111;

Import trace:
  Client Component Browser:
    ./src/app/globals.css [Client Component Browser]
    ./src/app/layout.tsx [Server Component] @ http://localhost:3000/_next/static/chunks/node_modules_next_dist_1gdrd03._.js:1817
[   15090ms] [LOG] [Fast Refresh] rebuilding @ http://localhost:3000/_next/static/chunks/node_modules_next_dist_1gdrd03._.js:756
[   15112ms] [ERROR] ./src/app/globals.css:3540:8
Error: Parsing CSS source code failed
  3538 |   }
  3539 | }
> 3540 | @import url('https://fonts.googleapis.com/css2?family=Corinthia:wght@400;700&display=swap');
       |        ^
  3541 | :root {
  3542 |   --background: #000000;
  3543 |   --surface: #111111;

@import rules must precede all rules aside from @charset and @layer statements

Generated code of PostCSS transform of file content of src/app/globals.css:
./src/app/globals.css:3540:8
  3538 |   }
  3539 | }
> 3540 | @import url('https://fonts.googleapis.com/css2?family=Corinthia:wght@400;700&display=swap');
       |        ^
  3541 | :root {
  3542 |   --background: #000000;
  3543 |   --surface: #111111;

Import trace:
  Client Component Browser:
    ./src/app/globals.css [Client Component Browser]
    ./src/app/layout.tsx [Server Component] @ http://localhost:3000/_next/static/chunks/node_modules_next_dist_1gdrd03._.js:1817
[   15174ms] [ERROR] ./src/app/globals.css:3540:8
Error: Parsing CSS source code failed
  3538 |   }
  3539 | }
> 3540 | @import url('https://fonts.googleapis.com/css2?family=Corinthia:wght@400;700&display=swap');
       |        ^
  3541 | :root {
  3542 |   --background: #000000;
  3543 |   --surface: #111111;

@import rules must precede all rules aside from @charset and @layer statements

Generated code of PostCSS transform of file content of src/app/globals.css:
./src/app/globals.css:3540:8
  3538 |   }
  3539 | }
> 3540 | @import url('https://fonts.googleapis.com/css2?family=Corinthia:wght@400;700&display=swap');
       |        ^
  3541 | :root {
  3542 |   --background: #000000;
  3543 |   --surface: #111111;

Import trace:
  Client Component Browser:
    ./src/app/globals.css [Client Component Browser]
    ./src/app/layout.tsx [Server Component] @ http://localhost:3000/_next/static/chunks/node_modules_next_dist_1gdrd03._.js:1817
[   15234ms] [ERROR] ./src/app/globals.css:3540:8
Error: Parsing CSS source code failed
  3538 |   }
  3539 | }
> 3540 | @import url('https://fonts.googleapis.com/css2?family=Corinthia:wght@400;700&display=swap');
       |        ^
  3541 | :root {
  3542 |   --background: #000000;
  3543 |   --surface: #111111;

@import rules must precede all rules aside from @charset and @layer statements

Generated code of PostCSS transform of file content of src/app/globals.css:
./src/app/globals.css:3540:8
  3538 |   }
  3539 | }
> 3540 | @import url('https://fonts.googleapis.com/css2?family=Corinthia:wght@400;700&display=swap');
       |        ^
  3541 | :root {
  3542 |   --background: #000000;
  3543 |   --surface: #111111;

Import trace:
  Client Component Browser:
    ./src/app/globals.css [Client Component Browser]
    ./src/app/layout.tsx [Server Component] @ http://localhost:3000/_next/static/chunks/node_modules_next_dist_1gdrd03._.js:1817
[   15315ms] [ERROR] ./src/app/globals.css:3540:8
Error: Parsing CSS source code failed
  3538 |   }
  3539 | }
> 3540 | @import url('https://fonts.googleapis.com/css2?family=Corinthia:wght@400;700&display=swap');
       |        ^
  3541 | :root {
  3542 |   --background: #000000;
  3543 |   --surface: #111111;

@import rules must precede all rules aside from @charset and @layer statements

Generated code of PostCSS transform of file content of src/app/globals.css:
./src/app/globals.css:3540:8
  3538 |   }
  3539 | }
> 3540 | @import url('https://fonts.googleapis.com/css2?family=Corinthia:wght@400;700&display=swap');
       |        ^
  3541 | :root {
  3542 |   --background: #000000;
  3543 |   --surface: #111111;

Import trace:
  Client Component Browser:
    ./src/app/globals.css [Client Component Browser]
    ./src/app/layout.tsx [Server Component] @ http://localhost:3000/_next/static/chunks/node_modules_next_dist_1gdrd03._.js:1817
[   15384ms] [ERROR] ./src/app/globals.css:3540:8
Error: Parsing CSS source code failed
  3538 |   }
  3539 | }
> 3540 | @import url('https://fonts.googleapis.com/css2?family=Corinthia:wght@400;700&display=swap');
       |        ^
  3541 | :root {
  3542 |   --background: #000000;
  3543 |   --surface: #111111;

@import rules must precede all rules aside from @charset and @layer statements

Generated code of PostCSS transform of file content of src/app/globals.css:
./src/app/globals.css:3540:8
  3538 |   }
  3539 | }
> 3540 | @import url('https://fonts.googleapis.com/css2?family=Corinthia:wght@400;700&display=swap');
       |        ^
  3541 | :root {
  3542 |   --background: #000000;
  3543 |   --surface: #111111;

Import trace:
  Client Component Browser:
    ./src/app/globals.css [Client Component Browser]
    ./src/app/layout.tsx [Server Component] @ http://localhost:3000/_next/static/chunks/node_modules_next_dist_1gdrd03._.js:1817
[   15454ms] [ERROR] ./src/app/globals.css:3540:8
Error: Parsing CSS source code failed
  3538 |   }
  3539 | }
> 3540 | @import url('https://fonts.googleapis.com/css2?family=Corinthia:wght@400;700&display=swap');
       |        ^
  3541 | :root {
  3542 |   --background: #000000;
  3543 |   --surface: #111111;

@import rules must precede all rules aside from @charset and @layer statements

Generated code of PostCSS transform of file content of src/app/globals.css:
./src/app/globals.css:3540:8
  3538 |   }
  3539 | }
> 3540 | @import url('https://fonts.googleapis.com/css2?family=Corinthia:wght@400;700&display=swap');
       |        ^
  3541 | :root {
  3542 |   --background: #000000;
  3543 |   --surface: #111111;

Import trace:
  Client Component Browser:
    ./src/app/globals.css [Client Component Browser]
    ./src/app/layout.tsx [Server Component] @ http://localhost:3000/_next/static/chunks/node_modules_next_dist_1gdrd03._.js:1817
[   15530ms] [ERROR] ./src/app/globals.css:3540:8
Error: Parsing CSS source code failed
  3538 |   }
  3539 | }
> 3540 | @import url('https://fonts.googleapis.com/css2?family=Corinthia:wght@400;700&display=swap');
       |        ^
  3541 | :root {
  3542 |   --background: #000000;
  3543 |   --surface: #111111;

@import rules must precede all rules aside from @charset and @layer statements

Generated code of PostCSS transform of file content of src/app/globals.css:
./src/app/globals.css:3540:8
  3538 |   }
  3539 | }
> 3540 | @import url('https://fonts.googleapis.com/css2?family=Corinthia:wght@400;700&display=swap');
       |        ^
  3541 | :root {
  3542 |   --background: #000000;
  3543 |   --surface: #111111;

Import trace:
  Client Component Browser:
    ./src/app/globals.css [Client Component Browser]
    ./src/app/layout.tsx [Server Component] @ http://localhost:3000/_next/static/chunks/node_modules_next_dist_1gdrd03._.js:1817
[   15601ms] [ERROR] ./src/app/globals.css:3540:8
Error: Parsing CSS source code failed
  3538 |   }
  3539 | }
> 3540 | @import url('https://fonts.googleapis.com/css2?family=Corinthia:wght@400;700&display=swap');
       |        ^
  3541 | :root {
  3542 |   --background: #000000;
  3543 |   --surface: #111111;

@import rules must precede all rules aside from @charset and @layer statements

Generated code of PostCSS transform of file content of src/app/globals.css:
./src/app/globals.css:3540:8
  3538 |   }
  3539 | }
> 3540 | @import url('https://fonts.googleapis.com/css2?family=Corinthia:wght@400;700&display=swap');
       |        ^
  3541 | :root {
  3542 |   --background: #000000;
  3543 |   --surface: #111111;

Import trace:
  Client Component Browser:
    ./src/app/globals.css [Client Component Browser]
    ./src/app/layout.tsx [Server Component] @ http://localhost:3000/_next/static/chunks/node_modules_next_dist_1gdrd03._.js:1817
[   15664ms] [ERROR] ./src/app/globals.css:3540:8
Error: Parsing CSS source code failed
  3538 |   }
  3539 | }
> 3540 | @import url('https://fonts.googleapis.com/css2?family=Corinthia:wght@400;700&display=swap');
       |        ^
  3541 | :root {
  3542 |   --background: #000000;
  3543 |   --surface: #111111;

@import rules must precede all rules aside from @charset and @layer statements

Generated code of PostCSS transform of file content of src/app/globals.css:
./src/app/globals.css:3540:8
  3538 |   }
  3539 | }
> 3540 | @import url('https://fonts.googleapis.com/css2?family=Corinthia:wght@400;700&display=swap');
       |        ^
  3541 | :root {
  3542 |   --background: #000000;
  3543 |   --surface: #111111;

Import trace:
  Client Component Browser:
    ./src/app/globals.css [Client Component Browser]
    ./src/app/layout.tsx [Server Component] @ http://localhost:3000/_next/static/chunks/node_modules_next_dist_1gdrd03._.js:1817
[   15731ms] [ERROR] ./src/app/globals.css:3540:8
Error: Parsing CSS source code failed
  3538 |   }
  3539 | }
> 3540 | @import url('https://fonts.googleapis.com/css2?family=Corinthia:wght@400;700&display=swap');
       |        ^
  3541 | :root {
  3542 |   --background: #000000;
  3543 |   --surface: #111111;

@import rules must precede all rules aside from @charset and @layer statements

Generated code of PostCSS transform of file content of src/app/globals.css:
./src/app/globals.css:3540:8
  3538 |   }
  3539 | }
> 3540 | @import url('https://fonts.googleapis.com/css2?family=Corinthia:wght@400;700&display=swap');
       |        ^
  3541 | :root {
  3542 |   --background: #000000;
  3543 |   --surface: #111111;

Import trace:
  Client Component Browser:
    ./src/app/globals.css [Client Component Browser]
    ./src/app/layout.tsx [Server Component] @ http://localhost:3000/_next/static/chunks/node_modules_next_dist_1gdrd03._.js:1817
[   15798ms] [ERROR] ./src/app/globals.css:3540:8
Error: Parsing CSS source code failed
  3538 |   }
  3539 | }
> 3540 | @import url('https://fonts.googleapis.com/css2?family=Corinthia:wght@400;700&display=swap');
       |        ^
  3541 | :root {
  3542 |   --background: #000000;
  3543 |   --surface: #111111;

@import rules must precede all rules aside from @charset and @layer statements

Generated code of PostCSS transform of file content of src/app/globals.css:
./src/app/globals.css:3540:8
  3538 |   }
  3539 | }
> 3540 | @import url('https://fonts.googleapis.com/css2?family=Corinthia:wght@400;700&display=swap');
       |        ^
  3541 | :root {
  3542 |   --background: #000000;
  3543 |   --surface: #111111;

Import trace:
  Client Component Browser:
    ./src/app/globals.css [Client Component Browser]
    ./src/app/layout.tsx [Server Component] @ http://localhost:3000/_next/static/chunks/node_modules_next_dist_1gdrd03._.js:1817
[   15873ms] [ERROR] ./src/app/globals.css:3540:8
Error: Parsing CSS source code failed
  3538 |   }
  3539 | }
> 3540 | @import url('https://fonts.googleapis.com/css2?family=Corinthia:wght@400;700&display=swap');
       |        ^
  3541 | :root {
  3542 |   --background: #000000;
  3543 |   --surface: #111111;

@import rules must precede all rules aside from @charset and @layer statements

Generated code of PostCSS transform of file content of src/app/globals.css:
./src/app/globals.css:3540:8
  3538 |   }
  3539 | }
> 3540 | @import url('https://fonts.googleapis.com/css2?family=Corinthia:wght@400;700&display=swap');
       |        ^
  3541 | :root {
  3542 |   --background: #000000;
  3543 |   --surface: #111111;

Import trace:
  Client Component Browser:
    ./src/app/globals.css [Client Component Browser]
    ./src/app/layout.tsx [Server Component] @ http://localhost:3000/_next/static/chunks/node_modules_next_dist_1gdrd03._.js:1817
[   15940ms] [ERROR] ./src/app/globals.css:3540:8
Error: Parsing CSS source code failed
  3538 |   }
  3539 | }
> 3540 | @import url('https://fonts.googleapis.com/css2?family=Corinthia:wght@400;700&display=swap');
       |        ^
  3541 | :root {
  3542 |   --background: #000000;
  3543 |   --surface: #111111;

@import rules must precede all rules aside from @charset and @layer statements

Generated code of PostCSS transform of file content of src/app/globals.css:
./src/app/globals.css:3540:8
  3538 |   }
  3539 | }
> 3540 | @import url('https://fonts.googleapis.com/css2?family=Corinthia:wght@400;700&display=swap');
       |        ^
  3541 | :root {
  3542 |   --background: #000000;
  3543 |   --surface: #111111;

Import trace:
  Client Component Browser:
    ./src/app/globals.css [Client Component Browser]
    ./src/app/layout.tsx [Server Component] @ http://localhost:3000/_next/static/chunks/node_modules_next_dist_1gdrd03._.js:1817
[   16171ms] [LOG] [Fast Refresh] rebuilding @ http://localhost:3000/_next/static/chunks/node_modules_next_dist_1gdrd03._.js:756
[   16665ms] [WARNING] [Fast Refresh] performing full reload because your application had an unrecoverable error @ http://localhost:3000/_next/static/chunks/node_modules_next_dist_1gdrd03._.js:756
[   16860ms] [LOG] [Fast Refresh] done in 601ms @ http://localhost:3000/_next/static/chunks/node_modules_next_dist_1gdrd03._.js:756
[   16986ms] [LOG] [Fast Refresh] done in 601ms @ http://localhost:3000/_next/static/chunks/node_modules_next_dist_1gdrd03._.js:756
[   17815ms] [INFO] %cDownload the React DevTools for a better development experience: https://react.dev/link/react-devtools font-weight:bold @ http://localhost:3000/_next/static/chunks/node_modules_next_dist_1e8vcs8._.js:776
[   18027ms] [LOG] [HMR] connected @ http://localhost:3000/_next/static/chunks/node_modules_next_dist_1e8vcs8._.js:776
[   18369ms] [WARNING] Clerk: Clerk has been loaded with development keys. Development instances have strict usage limits and should not be used when deploying your application to production. Learn more: https://clerk.com/docs/deployments/overview @ http://localhost:3000/_next/static/chunks/node_modules_next_dist_1e8vcs8._.js:776
